"time","frustration","engagement","meditation","short term engagement","long term engagement"
"20-04-2019 01:52:54:772","0.7239814675869047","0.2505653926193338","0.21883981974449518","0.2876079930690391","0.48699575628928876"
"20-04-2019 01:52:55:780","0.8541672365738429","0.02403072257259438","0.2358449798906732","0.2607511985506558","0.1269041955121778"
"20-04-2019 01:52:56:785","0.933933405374691","0.1656506751909105","0.009269876856364424","0.12428109968753404","0.4226347468289659"
"20-04-2019 01:52:57:788","0.6448309532210701","0.17398278819899798","0.32179348340851","0.44674725960068445","0.3502470705216102"
"20-04-2019 01:52:58:789","0.656359540032585","0.049822866269001946","0.24830300300188496","0.10923019936276585","0.03095249740691941"
"20-04-2019 01:52:59:789","0.7396508245164868","0.16092293040402803","0.0655910881890828","0.17138180651726886","0.044801351449391735"
"20-04-2019 01:53:00:793","0.6445412902256595","0.15223972569787958","0.20053867589552704","0.17736741218856183","0.33873014594133527"
"20-04-2019 01:53:01:799","0.6627367845537802","0.07347301238137782","0.24604831572839428","0.47414415368016843","0.23132870040016518"
"20-04-2019 01:53:02:801","0.7891929911755139","0.15455571413717117","0.08682241502110562","0.2768236864916727","0.24442994715656907"
"20-04-2019 01:53:03:807","0.7054047869134028","0.3572948412069739","0.06351982288296353","0.3940877413301937","0.269546662222842"
"20-04-2019 01:53:04:809","0.9383544557629939","0.12075503501080048","0.32644011079636004","0.02727433114370381","0.249543238529082"
"20-04-2019 01:53:05:810","0.6477172600987582","0.3327701207850459","0.10799830857188725","0.005560132106228632","0.28409034537594774"
"20-04-2019 01:53:06:817","0.6779665823999518","0.03186811522345425","0.3060386340349984","0.24920582048549278","0.04662002171746049"
"20-04-2019 01:53:07:821","0.8535902787585263","0.0027398048250145027","0.35084386054630284","0.22384899597815877","0.18762929229291603"
"20-04-2019 01:53:08:826","0.6338996283574257","0.348135176100011","0.2754877980813121","0.2889835597901916","0.4687773930411482"
"20-04-2019 01:53:09:827","0.5520370156044389","0.13438138401808636","0.09117732613878533","0.4179707014321154","0.4865371585055613"
"20-04-2019 01:53:10:833","0.9030267483116374","0.19600109685565645","0.21868577908157155","0.3628794046447061","0.024432753860067435"
"20-04-2019 01:53:11:835","0.7326983664211322","0.3663834520991092","0.09920950312679074","0.45061377734693403","0.12346055028211878"
"20-04-2019 01:53:12:842","0.6756796539139198","0.3307278483488063","0.3803400336728571","0.34588398045363516","0.18017066336963422"
"20-04-2019 01:53:13:845","0.7762923470048076","0.07274739867846365","0.21943834225249303","0.1700106251117297","0.12869686748565945"
"20-04-2019 01:53:14:850","0.8622766170255859","0.23592194154953838","0.045093151052306185","0.30652056893397284","0.4565609875151315"
"20-04-2019 01:53:15:857","0.7203810172620942","0.14529399308009708","0.19452653030159725","0.4264773067714592","0.12753854143230625"
"20-04-2019 01:53:16:863","0.5010493915065941","0.15590714033532144","0.19145262263935542","0.3996585764858974","0.2665554557189876"
"20-04-2019 01:53:17:870","0.6143676551820502","0.34949427062642807","0.16957160388679504","0.12377943798838553","0.27124566136570905"
"20-04-2019 01:53:18:876","0.675913558995565","0.0535995508267622","0.2399072711557556","0.2893813707334933","0.21697026009496684"
"20-04-2019 01:53:19:879","0.7902073981269566","0.2597977041007297","0.1922137439015293","0.30543250730259014","0.06772784370396806"
"20-04-2019 01:53:20:881","0.7609075781214942","0.038637749525618895","0.08395707479456394","0.06681540827160365","0.49254259469076384"
"20-04-2019 01:53:21:883","0.778352511688493","0.010572151516033836","0.17209711761721147","0.4528769199175439","0.254449636359098"
"20-04-2019 01:53:22:887","0.9823022029896937","0.21279034133208677","0.13999085585594526","0.35506610838654185","0.1473352826897497"
"20-04-2019 01:53:23:888","0.6251311801054188","0.04934640632840939","0.286060068973124","0.35719465469401923","0.35000865898868955"
"20-04-2019 01:53:24:892","0.6109919634895831","0.055459169996834534","0.055295581498538304","0.029730138974387588","0.34602571515835495"
"20-04-2019 01:53:25:893","0.6155079014503954","0.23748819110328023","0.1395444209119332","0.40739970016033866","0.1261282764160454"
"20-04-2019 01:53:26:898","0.6155574156262638","0.19667024516627074","0.33613270967103864","0.46141381554548505","0.3219340603672807"
"20-04-2019 01:53:27:905","0.928333766760246","0.13933827991235415","0.15065440825534748","0.11415556014652561","0.10798919357083375"
"20-04-2019 01:53:28:911","0.7328583580021275","0.2837150226130203","0.005125371397995205","0.41886988266215847","0.48437048837556085"
"20-04-2019 01:53:29:916","0.5810076883701005","0.09501248720242916","0.1297364588171011","0.07386411803764009","0.2532240002264839"
"20-04-2019 01:53:30:918","0.6115419370384971","0.06818581621247866","0.21225136117642684","0.44194734881006004","0.3695777887298918"
"20-04-2019 01:53:31:923","0.5085252993946512","0.16698053011224745","0.26604104119765837","0.05383465367580731","0.24482261681297868"
"20-04-2019 01:53:32:930","0.6606651693450738","0.3887418620814732","0.2724662539015259","0.15583623779247996","0.12213433685150599"
"20-04-2019 01:53:33:931","0.8582715447699572","0.2891150745770812","0.2771913499199855","0.2914933303123367","0.11012553319403945"
"20-04-2019 01:53:34:933","0.7768363307983408","0.2653305838676115","0.23070654854843228","0.309478657742139","0.26697762770980193"
"20-04-2019 01:53:35:937","0.6776557982197011","0.039762640858329285","0.3901308747485452","0.19746800755319682","0.33196890030025383"
"20-04-2019 01:53:36:938","0.6340448466703861","0.024730944357241793","0.20560342647820443","0.2986538859398587","0.20106784586840198"
"20-04-2019 01:53:37:939","0.8877067464066715","0.34431175837084793","0.39828149072219976","0.15728194401118134","0.14933720172436915"
"20-04-2019 01:53:38:944","0.8518390253237076","0.39050821289783744","0.03082096756869981","0.36989412922076403","0.09849558605142222"
"20-04-2019 01:53:39:952","0.5910415702223071","0.29007201156783896","0.2166739852696814","0.4048210006597392","0.06034814200213795"
"20-04-2019 01:53:40:960","0.6263951931120824","0.24365654232112188","0.17374698516746823","0.3138882829960362","0.12904318732700748"
"20-04-2019 01:53:41:965","0.6040192491329639","0.14564874369168193","0.19204132970555068","0.2622523378393956","0.29610525592029624"
"20-04-2019 01:53:42:968","0.9601067668745173","0.10188800608823652","0.37617057604014403","0.2894296870782101","0.3209596583493744"
"20-04-2019 01:53:43:980","0.7276380313321905","0.020664614905803624","0.22973053675530994","0.39646634369902667","0.4129402622919651"
"20-04-2019 01:53:44:983","0.5436362680478379","0.3520367890148659","0.04446187462633802","0.10864644721639127","0.4904995357899263"
"20-04-2019 01:53:45:989","0.7354535270944307","0.09457494876020074","0.004550412611071497","0.3734680884045179","0.38308281030756897"
"20-04-2019 01:53:46:993","0.5205399557495425","0.2567682916038085","0.16634071456201657","0.40077707474553526","0.3923699297502594"
"20-04-2019 01:53:48:1","0.9209721908067177","0.07166192753633874","0.20809429483416647","0.4214422986138309","0.44421639939020446"
"20-04-2019 01:53:49:5","0.7411022251046506","0.20180479844016133","0.34873703345391815","0.13384246567352226","0.0013635078306230564"
"20-04-2019 01:53:50:9","0.5415826782605251","0.39182301545481363","0.11434807172135764","0.21734337233878048","0.05023702373791261"
"20-04-2019 01:53:51:13","0.9111687198336578","0.32142316024450074","0.009965926888147037","0.20115352289824334","0.47363126061818306"
"20-04-2019 01:53:52:14","0.9759537339620245","0.07404483278301673","0.1725306145591471","0.39865479287985583","0.4505627007185205"
"20-04-2019 01:53:53:19","0.9619729190637203","0.0633711850301411","0.10317774830854952","0.020030139138307312","0.172257965074339"
"20-04-2019 01:53:54:41","0.8422267488797581","0.14095538018258313","0.008462686282625143","0.412123207173583","0.30045133304745586"
"20-04-2019 01:53:55:47","0.8056322687069882","0.01927282594153992","0.06506540562840578","0.4161646719098164","0.4543685504546073"
"20-04-2019 01:53:56:53","0.7492084905055973","0.2775764891528016","0.2852783641091423","0.3873531194021679","0.1670638168857665"
"20-04-2019 01:53:57:57","0.7382820895220943","0.29361293098379043","0.3713517782259881","0.3497788459932363","0.369405933054632"
"20-04-2019 01:53:58:60","0.7971168741156148","0.38349890268053466","0.20204905233619797","0.44956247474756034","0.056122567006568314"
"20-04-2019 01:53:59:63","0.6918999188397936","0.06838185637972179","0.19283658604263088","0.32017568438830535","0.00794184168557599"
"20-04-2019 01:54:00:68","0.8976963707567001","0.21326948458585862","0.32707849252578575","0.3924975885877074","0.3457426856723025"
"20-04-2019 01:54:01:72","0.6168240631864346","0.2818242767729987","0.38630637537668483","0.18696402050171118","7.205169203641781E-4"
"20-04-2019 01:54:02:77","0.9357081473424501","0.23624299223637718","0.39875083737475636","0.2746260599661997","0.16171198268317621"
"20-04-2019 01:54:03:80","0.5055744812262231","0.19860862470817808","0.05801599372129358","0.050031672317190634","0.05364416724491322"
"20-04-2019 01:54:04:83","0.7862171898974544","0.13835366569410096","0.2443290284140984","0.06768511290983759","0.1400882375990518"
"20-04-2019 01:54:05:86","0.7708902049919045","0.3925405556458073","0.2618067469882489","0.0605167403871914","0.020264256274825587"
"20-04-2019 01:54:06:91","0.8279485400057034","0.15909622333796614","0.2122191026494667","0.011011515882665579","0.2788272232381376"
"20-04-2019 01:54:07:97","0.9174426400022478","0.28482973127836214","0.16063703514080194","0.3293335323790998","0.06569751250418532"
"20-04-2019 01:54:08:101","0.9305038831699235","0.08176540049911002","0.06355257958095538","0.35674564804473996","0.26784357488511423"
"20-04-2019 01:54:09:102","0.5470548863499491","0.23573816776508794","0.24443168695514075","0.31079265382129606","0.43408170320754097"
"20-04-2019 01:54:10:104","0.906369643552849","0.3439618276004148","0.022621304279716672","0.017619981897359194","0.12972529990534232"
"20-04-2019 01:54:11:105","0.519913221105253","0.26833625748177864","0.10343593772541429","0.3255120567869149","0.073843080818433"
"20-04-2019 01:54:12:106","0.7864594057387486","0.36642670876622985","0.10000991671850601","0.025714614111821132","0.04088553155341779"
"20-04-2019 01:54:13:108","0.5110037835850585","0.04946772799558539","0.26694514172593015","0.24423407422634452","0.01672764500356494"
"20-04-2019 01:54:14:113","0.9641041549993254","0.0206400580018693","0.2285248368113127","0.0026042363431569293","0.18983879064401932"
"20-04-2019 01:54:15:118","0.6616858546696738","0.2027541773496105","0.16564117144012572","0.3322217563858173","0.1965630613874858"
"20-04-2019 01:54:16:120","0.8974344436105368","0.17938501988154754","0.3956129386683407","0.21199105480533326","0.19474139831828075"
"20-04-2019 01:54:17:132","0.5955133905807196","0.11781710909129624","0.08011765142412011","0.4574967241013156","0.35646356299029636"
"20-04-2019 01:54:18:138","0.5085376137653783","0.26854784279270194","0.08054180348680272","0.028466702779214148","0.21451163207318874"
"20-04-2019 01:54:19:143","0.9582464310743843","0.36684100711061884","0.34901562817113146","0.15200775478729817","0.19546803362013515"
"20-04-2019 01:54:20:145","0.9908332107844724","0.0586638866269654","0.25329392389574623","0.227816736467783","0.029580495239354687"
"20-04-2019 01:54:21:149","0.9800562876791153","0.37162205042340535","0.3389440061720388","0.49979131464049587","0.13086153483460278"
"20-04-2019 01:54:22:151","0.5772910844064361","0.023007832689314434","0.33299970909717735","0.493726151115331","0.03870111137628385"
"20-04-2019 01:54:23:154","0.8563739683362488","0.3260209553872386","0.3884638827444524","0.42389387854287386","0.11018844955288054"
"20-04-2019 01:54:24:156","0.6543510501306062","0.24839053411078738","0.10475279850809477","0.4855010224488775","0.49841186846629476"
"20-04-2019 01:54:25:156","0.7059053540518048","0.33436710257361457","0.36987805763781917","0.4297417216283263","0.4504681906113669"
"20-04-2019 01:54:26:165","0.9193827712781066","0.07058969945776901","0.2500661121516235","0.01164790874739624","0.23422517087193168"
"20-04-2019 01:54:27:167","0.8730724577827405","0.06945532631613931","0.13194488756025566","0.019703483790591003","0.08368760426533167"
"20-04-2019 01:54:28:172","0.5202778825861387","0.357182469913792","0.2955651222832895","0.09805121381067877","0.30383592791303504"
"20-04-2019 01:54:29:174","0.5386452370514911","0.04195018804773203","0.12425220284516168","0.17951978905217164","0.005604667452400791"
"20-04-2019 01:54:30:176","0.5721044791572962","0.1786211183095906","0.10535125064911513","0.18582041744711075","0.15694530914927873"
"20-04-2019 01:54:31:181","0.5100579453026386","0.048275061757077214","0.22994957308405506","0.010283329566557975","0.18680953140600315"
"20-04-2019 01:54:32:186","0.5405868925104347","0.09189388954312783","0.2173255967272788","0.27423658280639207","0.26550293576507417"
"20-04-2019 01:54:33:188","0.811681017414445","0.028504728813777993","0.060031837788227495","0.4606605130542754","0.454134168515419"
"20-04-2019 01:54:34:189","0.5526208733822747","0.3554230405522528","0.20846871972987688","0.09037836472723154","0.4376820147761558"
"20-04-2019 01:54:35:191","0.7351749658000426","0.096792603598287","0.07900610014590242","0.3240173965762943","0.4751723420168891"
"20-04-2019 01:54:36:198","0.7984094308261699","0.2560283837610389","0.1292584875261052","0.32293698926403325","0.17032406903784203"
"20-04-2019 01:54:37:201","0.6553150480555705","0.027773863848112736","0.14066005340938834","0.040043208735061564","0.07044017503353223"
"20-04-2019 01:54:38:205","0.884335772046436","0.12512098408865394","0.2492879484816085","0.13804269075993802","0.03627740433384907"
"20-04-2019 01:54:39:212","0.8163203789962967","0.3296326617294495","0.06624093643693732","0.11830421066580105","0.3204225396295324"
"20-04-2019 01:54:40:214","0.9446040631477308","0.36490193855258024","0.10338987756096528","0.1691217397637495","0.1703421296051164"
"20-04-2019 01:54:41:216","0.9665167101570645","0.28474457717282803","0.3825231616430096","0.012545108557573126","0.178795395812541"
"20-04-2019 01:54:42:221","0.5853524419952274","0.14255784424046217","0.37117414802232895","0.4597173919714208","0.4289241308716032"
"20-04-2019 01:54:43:230","0.985125679803355","0.003741610341852031","0.16100253787555371","0.07820921699846073","0.16985069276470327"
"20-04-2019 01:54:44:234","0.7186998256811878","0.09784120408294937","0.25160113609335344","0.4949208164262557","0.19215736522042298"
"20-04-2019 01:54:45:236","0.6499018527732492","0.27902772313962415","0.3121177348681437","0.1747166196880487","0.29713215041679614"
"20-04-2019 01:54:46:238","0.7323386170256043","0.14249265313856602","0.398050538087677","0.307489398833434","0.09350603724441803"
"20-04-2019 01:54:47:240","0.6213703748763746","0.30789226612956466","0.2410760887001029","0.263480160310154","0.31621118010056876"
"20-04-2019 01:54:48:244","0.5556411866859268","0.041641898156379975","0.03131405485431613","0.2762521757594271","0.4351253068884277"
"20-04-2019 01:54:49:247","0.9204536779110293","0.12351525209224966","0.019204427679748816","0.31605816379670437","0.10261305080792482"
"20-04-2019 01:54:50:251","0.6980104492481294","0.042494795866141244","0.3170639051038978","0.4096393777002738","0.16240669909149508"
"20-04-2019 01:54:51:253","0.8639981523927118","0.2750764266647955","0.26622025163922","0.0040001767285197665","0.4824230798557808"
"20-04-2019 01:54:52:255","0.9123960011145218","0.31147805065086653","0.06278818807411546","0.2726807591279542","0.022816697813779818"
"20-04-2019 01:54:53:261","0.647109685224402","0.03982753282548819","0.28359385402864984","0.06356727660283829","0.4864814517309139"
"20-04-2019 01:54:54:265","0.6023788835724144","0.3814518671682939","0.24094547947987122","0.08229542808565837","0.3005283681928584"
"20-04-2019 01:54:55:269","0.9337742773076452","0.3726991618205467","0.3519837570051116","0.06808027298678299","0.11159329835600268"
"20-04-2019 01:54:56:273","0.6599209457013698","0.12233715730554713","0.015951394301768795","0.08662219616990097","0.17697942610144612"
"20-04-2019 01:54:57:273","0.9661214492871548","0.16540301134766155","0.11058244780056783","0.42358029356754545","0.21287949942500028"
"20-04-2019 01:54:58:277","0.5821612242103174","0.36439303616434926","0.28140307777644374","0.34911869977633","0.39178521519278453"
"20-04-2019 01:54:59:278","0.7406974441764108","0.3045233807473452","0.33023248671543143","0.20791332040182237","0.45491930350621257"
"20-04-2019 01:55:00:279","0.9274947262081719","0.05747712401002647","0.10371714740039845","0.20983296179688515","0.3365243577006727"
"20-04-2019 01:55:01:284","0.8982745557098442","0.09501036438215782","0.28233414511077304","0.43615232631747164","0.49052308874520806"
"20-04-2019 01:55:02:289","0.5801009485063681","0.12778663625801007","0.392660210554799","0.48344671323606286","0.11387095200119679"
"20-04-2019 01:55:03:294","0.7730607345650068","0.22914629600648767","0.31096009580981554","0.4358004181208231","0.4810313992364852"
"20-04-2019 01:55:04:299","0.690277913951792","0.1638963845209315","0.04645224117898579","0.3193650367283811","0.13286191861194352"
"20-04-2019 01:55:05:300","0.6526702783387753","0.1822011120594496","0.38723660420778794","0.4475837208391388","0.13149838302102546"
"20-04-2019 01:55:06:302","0.6251426613918429","0.19029344189473513","0.35139997663840167","0.15323098152994985","0.3433808294212431"
"20-04-2019 01:55:07:303","0.5937892436336152","0.277180909776228","0.3365679576791847","0.45028892647537677","0.26969819289326014"
"20-04-2019 01:55:08:304","0.6415217346529587","0.05139641721343638","0.3623250047856956","0.39428462104081274","0.40035272153632084"
"20-04-2019 01:55:09:309","0.6668812544853375","0.08592710863489145","0.2924785724350834","0.30388538436548773","0.39380207712438947"
"20-04-2019 01:55:10:312","0.7191420605552374","0.07955710378830078","0.020849235714418237","0.23073978459983313","0.13569006632253655"
"20-04-2019 01:55:11:316","0.7243294117832149","0.09103167271964888","0.1624440529368769","0.27362881225772273","0.3412546861274737"
"20-04-2019 01:55:12:319","0.6987284830181697","0.369214348700222","0.09955675849904196","0.1624866334818108","0.2825483331037481"
"20-04-2019 01:55:13:324","0.6992065019766719","0.05760182062246817","0.06214094747472059","0.45477418008352455","0.4642055245576071"
"20-04-2019 01:55:14:333","0.5887885110816656","0.12974541662936254","0.18072035891853777","0.31680459442430914","0.28279512549799374"
"20-04-2019 01:55:15:337","0.618712203189111","0.11177742312257721","0.26391112981495296","0.31971863916280396","0.011687167021522449"
"20-04-2019 01:55:16:340","0.7253927328021039","0.3067804946218631","0.29775126269512325","0.385239364749393","0.49932912156759524"
"20-04-2019 01:55:17:342","0.7763751868845532","0.007952232942034333","0.09534086916681882","0.47559414717353893","0.4536117677554242"
"20-04-2019 01:55:18:343","0.9135485837920885","0.19109050941538808","0.2589130182180895","0.00567306901199488","0.16476166515648932"
"20-04-2019 01:55:19:347","0.7900416923919684","0.09194831542769775","0.2858304362829676","0.20460953153762534","0.023121822982133222"
"20-04-2019 01:55:20:352","0.7423666550723759","0.3124762262070897","0.3976452487959077","0.30492105659436214","0.2610883137329345"
"20-04-2019 01:55:21:354","0.842635258652479","0.07171524259415328","0.3107165066055107","0.3044342514991905","0.0826741742018024"
"20-04-2019 01:55:22:358","0.7810210156884084","0.3876300672642969","0.29041894013148845","0.06671447443080042","0.41533905925530784"
"20-04-2019 01:55:23:361","0.652017778194111","0.19286573342290556","0.01231333280804119","0.14008191828064015","0.42676394459634087"
"20-04-2019 01:55:24:361","0.878666993953566","0.348054146822318","0.20694511188560083","0.1127918868594372","0.16995886122787657"
"20-04-2019 01:55:25:366","0.8712365839645834","0.14198526648049636","0.3287530493229315","0.2269434957253676","0.28640819187983446"
"20-04-2019 01:55:26:371","0.788275802843367","0.03775158838249602","0.05471572097824722","0.3955520139414542","0.3611289005740522"
"20-04-2019 01:55:27:374","0.9560488350503042","0.13801669327207441","0.11784463158940471","0.2176890848086535","0.10442750153823965"
"20-04-2019 01:55:28:375","0.7418784621774323","0.2896798827903832","0.04543460591080106","0.25796708761150416","0.2592598503291017"
"20-04-2019 01:55:29:380","0.9630311249601872","0.34547255163534263","0.33781074416758844","0.23248728783583777","0.4800232871381746"
"20-04-2019 01:55:30:385","0.8894392827044308","0.18009023444471733","0.07329922630366022","0.3104557545764623","0.42249613119210777"
"20-04-2019 01:55:31:390","0.7326926488875272","0.06562203020687245","0.19887587401283785","0.4604680687395979","0.4469553845885083"
"20-04-2019 01:55:32:394","0.5762816424833612","0.26483743812662336","0.39840574760047404","0.4372378023193148","0.10243895464178387"
"20-04-2019 01:55:33:397","0.7985638069008578","0.07553579036759217","0.17606418750946592","0.3241942967235742","0.48681857089714337"
"20-04-2019 01:55:34:399","0.5437925152050596","0.3430115262102201","0.2899311492131155","0.2382345363104605","0.4095705232165649"
"20-04-2019 01:55:35:400","0.8356119270270059","0.20621685713885746","0.04446861632824653","0.3647987829261174","0.27530194125838703"
"20-04-2019 01:55:36:405","0.8033214990946866","0.03257122270316022","0.3706583636594995","0.10346271084625669","0.019457056050994848"
"20-04-2019 01:55:37:406","0.6343087428951962","0.27400682305941254","0.04036164038882406","0.23656010955076978","0.14604408056131962"
"20-04-2019 01:55:38:407","0.5762499414828879","0.13034929086522906","0.3815145871534698","0.1651683410157817","0.006228379283419017"
"20-04-2019 01:55:39:410","0.8319369520452433","0.18631996052819966","0.1514024722086703","0.23296422681324325","0.2874026893958206"
"20-04-2019 01:55:40:415","0.5637293346753538","0.15166708257532055","0.04796777585761709","0.1223133559446512","0.26966175283975613"
"20-04-2019 01:55:41:416","0.5991236364803183","0.19925089412557526","0.1846457142781739","0.184946140095489","0.49601767555049786"
"20-04-2019 01:55:42:422","0.777316094524502","0.3171502813139966","0.3456060474001681","0.4317416260121781","0.29362533067467933"
"20-04-2019 01:55:43:425","0.9300910693379671","0.19051034641115644","0.14985906620412415","0.143927854778428","0.25567088391856757"
"20-04-2019 01:55:44:427","0.876269480451639","0.05508745234649468","0.29750221687576517","0.33009351139389986","0.02398705834223336"
"20-04-2019 01:55:45:429","0.6176233588540263","0.3692716261572168","0.3822595478534843","0.10396987429756988","0.1911130521468114"
"20-04-2019 01:55:46:431","0.9624180929267713","0.07159351463621509","0.36084587501021814","0.11864056917105864","0.12184163350270089"
"20-04-2019 01:55:47:433","0.602321869671715","0.25726842144200085","0.392560801239701","0.3075964096764205","0.1445009575880296"
"20-04-2019 01:55:48:436","0.9849041346904217","0.20790390143317283","0.2631225002279275","0.34753173516360014","0.4298556282287279"
"20-04-2019 01:55:49:440","0.815993449960168","0.39126271154918624","0.39786939715733893","0.0686534757435876","0.31566582686173683"
"20-04-2019 01:55:50:442","0.6912855976350198","0.3399700686898235","0.3087797535524521","0.30502018380823054","0.15095070176792214"
"20-04-2019 01:55:51:445","0.7468059713470014","0.12191026376888968","0.11732988931862565","0.24668091118733426","0.25089808061891344"
"20-04-2019 01:55:52:446","0.9816371673703312","0.05192283705126184","0.3236779662955071","0.30743301566126474","0.049227798420622915"
"20-04-2019 01:55:53:448","0.7753578940483191","0.11360422082142813","0.28915230822963506","0.32563131122925026","0.2712043386071333"
"20-04-2019 01:55:54:451","0.844938187346755","0.021245214041656493","0.3302035277703854","0.26612622788495094","0.27308033229363315"
"20-04-2019 01:55:55:452","0.9413252767966638","0.2841853522824835","0.10715312201331302","0.30476635887943","0.05145108939272386"
"20-04-2019 01:55:56:456","0.5397362573253544","0.031030719743871196","0.39731844403467204","0.14694456902573444","0.2236860995593865"
"20-04-2019 01:55:57:457","0.7128971237886264","0.24038012836715283","0.052550023059575235","0.38799217223575455","0.2625914861067384"
"20-04-2019 01:55:58:458","0.5311387775683645","0.06658281746693673","0.23255382579661774","0.1692959335772598","0.10870214541565015"
"20-04-2019 01:55:59:459","0.9960548218694705","0.22661422914828463","0.2586882790367135","0.04845556735855017","0.16659160966856884"
"20-04-2019 01:56:00:462","0.7620196457026421","0.009580142705532736","0.29736318268593015","0.3540888026468431","0.4821295963184027"
"20-04-2019 01:56:01:462","0.7833440587631679","0.28412653333381294","0.232436997982063","0.11834792523784843","0.4129868756563624"
"20-04-2019 01:56:02:466","0.8597879912393794","0.25550063279537033","0.04189227736027284","0.2480162022740276","0.3145900953397783"
"20-04-2019 01:56:03:467","0.5588214011928694","0.005521491667198753","0.10238033052684048","0.16935747581879224","0.20151576321295372"
"20-04-2019 01:56:04:471","0.5814347310988286","0.040790568984836906","0.256416332165778","0.0643084214744038","0.22727682916326575"
"20-04-2019 01:56:05:475","0.6502337773369569","0.08474079234979115","0.03873605917166918","0.23123423959253775","0.4006490638892229"
"20-04-2019 01:56:06:477","0.7617499475271395","0.07650536027915056","0.1301343914477424","0.29942600952610565","0.020089832049562995"
"20-04-2019 01:56:07:477","0.8311729772622065","0.05075606592007831","0.36655946039228776","0.4614050495889465","0.3293064725485534"
"20-04-2019 01:56:08:479","0.7488277177659293","0.2387131863214171","0.3631482184627453","0.4773800888853509","0.011937647743259283"
"20-04-2019 01:56:09:480","0.7961350824965525","0.34537439206028003","0.16217311342835986","0.30040976474629666","0.004510224267935237"
"20-04-2019 01:56:10:481","0.9694725576574846","0.031604216182215115","0.2691656716332007","0.4195823506724355","0.23585330360446105"
"20-04-2019 01:56:11:485","0.8036424225269985","0.28968602677798866","0.19947173904404983","0.2956618633941429","0.3718448202525037"
"20-04-2019 01:56:12:489","0.8696822149276359","0.3910284345721788","0.3538217399582173","0.07002688622046127","0.08953113608155766"
"20-04-2019 01:56:13:494","0.6218216905506189","0.19262001840586113","0.13607734372647476","0.35236920971283714","0.08558674797145432"
"20-04-2019 01:56:14:495","0.8936393162583556","0.006386382734264374","5.201368789239158E-4","0.21470341892514483","0.30552996408878524"
"20-04-2019 01:56:15:499","0.5692726402727224","0.08365932290381672","0.020315780920005057","0.4213135563450454","0.11949368192146964"
"20-04-2019 01:56:16:502","0.9248453451685661","0.0727275602134363","0.06234372166332247","0.44849791691326607","0.325079139947617"
"20-04-2019 01:56:17:505","0.5237219322120604","0.09087102455407559","0.14714471585707556","0.31161779554526753","0.05470099670924772"
"20-04-2019 01:56:18:509","0.7959586050776644","0.1819901721754394","0.2227120318740805","0.2226823055319429","0.3364071214265978"
"20-04-2019 01:56:19:511","0.8422845479266967","0.08661874094756766","0.20387619015869285","0.006749298515003277","0.2803310346217774"
"20-04-2019 01:56:20:511","0.5972529817873016","0.022840075911749882","0.0859647758426747","0.15747460041816314","0.3016026141777956"
"20-04-2019 01:56:21:516","0.8465511792387062","0.19247236476150675","0.17620164127033344","0.1487787392578771","0.2333780483124634"
"20-04-2019 01:56:22:519","0.5416610242356571","0.2832714604580467","0.21380598993693628","0.07326291631933418","0.34080910883846843"
"20-04-2019 01:56:23:523","0.7692086833423003","0.04386621714656638","0.11621403523357549","0.07722587527877006","0.4303005543840062"
"20-04-2019 01:56:24:525","0.9742980109336414","0.3340586219266381","0.16403451960370324","0.09132137906021576","0.40005540942911255"
"20-04-2019 01:56:25:528","0.506456906286876","0.22757610538511253","0.005858863763865286","0.3307961149946703","0.2926442920752878"
"20-04-2019 01:56:26:530","0.7318395481109801","0.2037251778472573","0.33488244979392356","0.45528672949246524","0.4595203430924609"
"20-04-2019 01:56:27:534","0.7146773460966764","0.16549699282588448","0.1134243623936663","0.300385331167783","0.14906299172429782"
"20-04-2019 01:56:28:536","0.5762571992327373","0.356710173735945","0.19282438842108213","0.1267100723430168","0.041886856913167125"
"20-04-2019 01:56:29:540","0.593059409826823","0.2333587784207523","0.007210232721420385","0.02644844142759456","0.06313136851075435"
"20-04-2019 01:56:30:542","0.9491219776000763","0.17310078878849866","0.00866898109677532","0.3305963656320466","0.10867301515244304"
"20-04-2019 01:56:31:545","0.563040449673357","0.052593032072752705","0.34366891800655636","0.16036082229187038","0.01451256159261799"
"20-04-2019 01:56:32:546","0.8436772727086619","0.22043862998044386","0.14527784869580312","0.2919279442539901","0.033081797169645766"
"20-04-2019 01:56:33:546","0.9145776065065133","0.35991476765118324","0.0645644270240608","0.43004764186433686","0.03158495685870888"
"20-04-2019 01:56:34:548","0.8796803419982244","7.810997487771587E-4","0.27242929760733875","0.39736118988939795","0.08295632769459421"
"20-04-2019 01:56:35:550","0.9547601880478711","0.3871257342145703","0.3309988244981037","0.25004798108479664","0.21013633988002073"
"20-04-2019 01:56:36:550","0.819395430097443","0.34662806453479755","0.1628023667723135","0.09706849535197187","0.35215211147314296"
"20-04-2019 01:56:37:553","0.6312108410651489","0.14230953083113662","0.11548393049128354","0.4027567345264599","0.1861508538156525"
"20-04-2019 01:56:38:557","0.6391232507572908","0.381253469899877","0.19897041271460825","0.22082157087582505","0.4783544748412464"
"20-04-2019 01:56:39:560","0.7379759629984781","0.38234903125829933","0.11442608043948699","0.2529144906202461","0.4655322465287493"
"20-04-2019 01:56:40:561","0.7249317795811624","0.3169521219725155","0.27727683823763194","0.314466363424062","0.12728127196222222"
"20-04-2019 01:56:41:562","0.7147443504342161","0.2360454315717657","0.13000647389636488","0.13754882659239182","0.42477137263586673"
"20-04-2019 01:56:42:563","0.7275630785275717","0.041891910394909096","0.07908813278200105","0.4748178805121702","0.23760275963164573"
"20-04-2019 01:56:43:566","0.612302258073425","0.1513148231296557","0.2832121289597251","0.4072310499157941","0.4503787096769464"
"20-04-2019 01:56:44:570","0.8874661227294818","0.06788126619389483","0.26724847360975934","0.48344198204241173","0.0637723387292441"
"20-04-2019 01:56:45:572","0.8452642406232391","0.05411890930822194","0.02374225702489077","0.40493983068133627","0.2671360195632322"
"20-04-2019 01:56:46:576","0.7921437889795826","0.2991591599755523","0.351276940630903","0.4294190338926456","0.05755645146093652"
"20-04-2019 01:56:47:577","0.8712092207987934","0.3058506974203658","0.3922370028902297","0.4087615798107867","0.2464462022887573"
"20-04-2019 01:56:48:579","0.8324550508331234","0.1834935853532219","0.2854623271267737","0.3393079777775124","0.08224387927105686"
"20-04-2019 01:56:49:582","0.9645406792219199","0.257683253294775","0.02727198730134539","0.038056472279481834","0.17399741330169377"
"20-04-2019 01:56:50:586","0.531738744504151","0.2226787033005232","0.06649578780662689","0.07331036306051092","0.15142028999380047"
"20-04-2019 01:56:51:589","0.6511898232954603","0.3573922728897209","0.13817349147763888","0.2686827040764093","0.355583873577768"
"20-04-2019 01:56:52:594","0.528302606515151","0.11170017668089885","0.12468741992857497","0.2888017390131654","0.008938855275911484"
"20-04-2019 01:56:53:597","0.6144858746232982","0.1773702587527256","0.19892324398751696","0.42823763568662593","0.2677800542463391"
"20-04-2019 01:56:54:600","0.8488389019023372","0.1356421811027034","0.04510817983292053","0.035707117621749995","0.2883286713185424"
"20-04-2019 01:56:55:602","0.848755613912431","0.20157857965786477","0.29053596595326053","0.2359052705844678","0.05315730972091515"
"20-04-2019 01:56:56:603","0.7396418831023609","0.04544385733040715","0.3735034183976418","0.1692589220261539","0.21481184033274897"
"20-04-2019 01:56:57:606","0.8981626517622792","0.1561645737496564","0.13191014169721468","0.1023408116906887","0.14932646188504584"
"20-04-2019 01:56:58:609","0.7030111138887323","0.09178961300909881","0.07570947534381318","0.3608956737004378","0.08539693784124347"
"20-04-2019 01:56:59:611","0.851688651401501","0.2879281006582435","0.04183214811926344","0.4291654108612949","0.12543218949040819"
"20-04-2019 01:57:00:613","0.6847093255026968","0.3889791536525469","0.17814248069338998","0.37310418037913795","0.05062216782138368"
"20-04-2019 01:57:01:615","0.64668379226201","0.24380085853434263","0.004008137186152272","0.27446426383785927","0.3778281617247988"
"20-04-2019 01:57:02:617","0.9239970080517603","0.20083340046438508","0.13102785540067127","0.1707670957934841","0.3630280174947054"
"20-04-2019 01:57:03:621","0.6583219125252544","0.3819310828662706","0.26449586930576563","0.25432942992647983","0.2954831280291345"
"20-04-2019 01:57:04:625","0.8333176266406823","0.0031637309606219245","0.30150814467289927","0.4275792810381365","0.4656871618630341"
"20-04-2019 01:57:05:629","0.5537774463770455","0.16264651135531905","0.19152587741127497","0.10129476750979605","0.34301940533253616"
"20-04-2019 01:57:06:633","0.7406388368635214","0.27110121512667057","0.22649750173348038","0.496607775181667","0.4187100295316045"
"20-04-2019 01:57:07:636","0.9382280773903278","0.1457562099865418","0.18292061142002966","0.17660957900573465","0.12314015619520269"
"20-04-2019 01:57:08:637","0.7541667256920932","0.03317330128361484","0.3223669462726207","0.16076437293558088","0.33227896086591346"
"20-04-2019 01:57:09:639","0.9373645088249054","0.08585975520202518","0.2833128116559545","0.04849605755486025","0.35884693088837566"
"20-04-2019 01:57:10:641","0.9326794168625976","0.3807825610625835","0.37932390392412657","0.4902336304258722","0.1771879389822691"
"20-04-2019 01:57:11:645","0.9448169414115806","3.0855105521077064E-4","0.32649708314158693","0.3572431365588987","0.40774553035143535"
"20-04-2019 01:57:12:646","0.7011190635071995","0.2200148609040504","0.27432604020723206","0.3404797244060305","0.12996929101041094"
"20-04-2019 01:57:13:646","0.7037319154072714","0.37925106956410304","0.24478658375496637","0.10837545523726638","0.48603698815230023"
"20-04-2019 01:57:14:648","0.5745425432179831","0.17264233430149079","0.1985821623191258","0.0742175983833061","0.4079488061461193"
"20-04-2019 01:57:15:653","0.9109034517300252","0.21736076377408767","0.04343293528912198","0.08388872444685314","0.10489248651614053"
"20-04-2019 01:57:16:656","0.7763295392197943","0.22265497855823374","0.2679624520936127","0.0010174427723573243","0.17675759908530153"
"20-04-2019 01:57:17:659","0.9427119751248338","0.23869536426229643","0.3011032692814291","0.19666104606790252","0.40330508333623055"
"20-04-2019 01:57:18:661","0.5474837604706471","0.33512423706579125","0.21205469525894302","0.35280740869429467","0.34591512799493596"
"20-04-2019 01:57:19:664","0.640450002870144","0.38244659414127097","0.33870889292052303","0.25764910812577324","0.06146276253264954"
"20-04-2019 01:57:20:665","0.721509756413788","0.018978612704873665","0.12419965555973494","0.24835732099594698","0.22996446689510464"
"20-04-2019 01:57:21:667","0.5725195081988472","0.22760715711811363","0.37982685466880745","0.18751216321810127","0.4351212411467456"
"20-04-2019 01:57:22:671","0.9064175557803379","0.299373496332096","0.3351637448808389","0.1907251062526345","0.09775445212539491"
"20-04-2019 01:57:23:676","0.7967813782064542","0.2624638881554806","0.08535223266189651","0.09188013164901843","0.4232753718280092"
"20-04-2019 01:57:24:680","0.8442272911159276","0.25022382306359325","0.31221586592629635","0.47250002424630244","0.43470372675193325"
"20-04-2019 01:57:25:682","0.6092912009379037","0.26122366377690753","0.0141173684487228","0.2051094622370206","0.04184740830556111"
"20-04-2019 01:57:26:685","0.5884728965139883","0.013953642848496895","0.12471985804988939","0.07808925002178235","0.05037205304200909"
"20-04-2019 01:57:27:687","0.8965625967542492","0.06664717722589862","0.13556255726472535","0.4089222040429466","0.0892850811542279"
"20-04-2019 01:57:28:691","0.7409676516929153","0.26561113161580424","0.16617366344097811","0.07683200256314215","0.3021438683886508"
"20-04-2019 01:57:54:200","0.8964376028432983","0.1529240749551033","0.19786517186771768","0.2423460379732516","0.40373195973093895"
"20-04-2019 01:57:55:206","0.9773455598889392","0.1607745101197265","0.3449548046847814","0.47757787788786826","0.12649993247487495"
"20-04-2019 01:57:56:211","0.8773816708050708","0.13920023359366315","0.19662485753370867","0.35855070396125244","0.4655450187820762"
"20-04-2019 01:57:57:217","0.9573819578924395","0.29433297684760057","0.352321626043739","0.10438182289362297","0.4304561333634832"
"20-04-2019 01:57:58:219","0.6890191474912417","0.33123403685470065","0.24928703543248193","0.3627144748095097","0.3078254900289305"
"20-04-2019 01:57:59:225","0.7029287772055821","0.20000941514086318","0.01780675161046914","0.10720614024640751","0.3237723237112417"
"20-04-2019 01:58:00:229","0.5522513675214639","0.13039310799300902","0.21912200036009058","0.3259640688284687","0.26147704125666593"
"20-04-2019 01:58:01:229","0.9334511070361708","0.25321879994987256","0.2293053571036739","0.13036326621334782","0.3841261848274337"
"20-04-2019 01:58:02:237","0.7025918865117334","0.22666282836725382","0.2469921157889936","0.09875955034638767","0.12749044677152305"
"20-04-2019 01:58:03:243","0.6525477904183242","0.36282491480127127","0.3327757670061838","0.17969182327321825","0.11228324311296123"
"20-04-2019 01:58:04:246","0.5528532173688164","0.35296390262027316","0.238991628092708","0.38780616665877676","0.014759338059857352"
"20-04-2019 01:58:05:257","0.9977189994907466","0.045432855786723764","0.005185566829274713","0.15680799767846437","0.4943806913115297"
"20-04-2019 01:58:06:257","0.5870947789756684","0.10936073375133191","0.15323167808303473","0.25770685139052535","0.45027234737722044"
"20-04-2019 01:58:07:264","0.688613745486955","0.03090589511501407","0.06962974386930552","0.01628597764105577","0.15763393470032488"
"20-04-2019 01:58:08:273","0.6313672576100521","0.18442019856775682","0.30778881062250596","0.42448230703448553","0.29403342624811074"
"20-04-2019 01:58:09:282","0.8062665161920954","0.28935596118075","0.3163264309614737","0.22513754108532769","0.022612501751731684"
"20-04-2019 01:58:10:290","0.9787820212167917","0.24620110080193874","0.14413897133621423","0.4330234704871035","0.05349093439155739"
"20-04-2019 01:58:11:296","0.5847708123961515","0.06546864113889495","0.2237886056212433","0.17684949130343036","0.1510363041392993"
"20-04-2019 01:58:12:299","0.6393401619683632","0.29788887903925393","0.27115399953593794","0.04714457029452379","0.01673264939946134"
"20-04-2019 01:58:13:307","0.5122141665829538","0.17721454159235286","0.22008018028200838","0.4379228139806114","0.023114867210936363"
"20-04-2019 01:58:14:311","0.5501785473841165","0.16946215814866408","0.027781740294843527","0.4908948897877068","0.03250056601367579"
"20-04-2019 01:58:15:313","0.8562135183563045","0.1337182041292831","0.0678854104188602","0.497131506905635","0.45299779424624814"
"20-04-2019 01:58:16:319","0.7278518943312036","0.03401410382388921","0.3339987590156126","0.045689078768041125","0.3121856256169254"
"20-04-2019 01:58:17:326","0.8811653231740364","0.05817951109031334","0.0715718707084915","0.4631008147812893","0.03820236095954044"
"20-04-2019 01:58:18:334","0.5998695823228019","0.014906817699848097","0.32301192548819446","0.06962241768430011","0.2498425157860455"
"20-04-2019 01:58:19:343","0.9266177253242016","0.08777952769062965","0.20683822993908796","0.4270870285675482","0.37719049825535"
"20-04-2019 01:58:20:344","0.7959099096296066","0.22535635247745267","0.34530206118215734","0.3852560129586721","0.14822583795988586"
"20-04-2019 01:58:21:348","0.9282663794184685","0.07622026483416895","0.2099377474361832","0.3794343097198673","0.22768818127645496"
"20-04-2019 01:58:22:356","0.6811639999407044","0.21026250353295112","0.2822352502155742","0.2166676777797621","0.4436078736326822"
"20-04-2019 01:58:23:362","0.5085983194871815","0.07421879288340204","0.1414874202520597","0.1603964354861263","0.04907739242364145"
"20-04-2019 01:58:24:362","0.9413828953665786","0.16011866803979996","0.11119343122704506","0.32089457379395064","0.00900896067301521"
"20-04-2019 01:58:25:369","0.7200303458875454","0.08996674266613597","0.25891143676025513","0.23821683065670435","0.41729687341810867"
"20-04-2019 01:58:26:377","0.6084691042597261","0.015387567495908928","0.05284421925845289","0.35926130787301574","0.1721654031861693"
"20-04-2019 01:58:27:382","0.7543256436738268","0.3793520439753495","0.1519685403681486","0.3996735040680895","0.15383441851518798"
"20-04-2019 01:58:28:384","0.8488337844329998","0.012898057470461667","0.04539801558826704","0.12210627016929665","0.0523501169677813"
"20-04-2019 01:58:29:393","0.591927677857278","0.29476766232873935","0.3480887478878341","0.20002760836281458","0.3274857468142061"
"20-04-2019 01:58:30:401","0.8008014148974955","0.2923857797594039","0.19297474099771167","0.3330979396340117","0.042528304010017726"
"20-04-2019 01:58:31:405","0.899101942839309","0.10567378028381619","0.3422508704173506","0.2502436914661094","0.31073968566084065"
"20-04-2019 01:58:32:410","0.6591702372863749","0.35976896386395996","0.3058433297961746","0.3567723476051647","0.07209985092455795"
"20-04-2019 01:58:33:417","0.7155978746417903","0.13989635790305566","0.2703586079967394","0.3056098652212167","0.40248226024423717"
"20-04-2019 01:58:34:423","0.8797167329192295","0.2017882932810654","0.14446332068640852","0.24502860839104457","0.053087309204355115"
"20-04-2019 01:58:35:432","0.7992361903063576","0.2145402402850401","0.295620509653158","0.4033707869401994","0.008753995970134598"
"20-04-2019 01:58:36:438","0.9151814025467642","0.06532065810041342","0.2917672398861146","0.21879589473161853","0.004346897253504123"
"20-04-2019 01:58:37:446","0.6626675316547164","0.1414647435426819","0.1280072894580866","0.1885032335357268","0.03072898140206337"
"20-04-2019 01:58:38:456","0.8600013079388952","0.17633974588548817","0.049670517479043545","0.48467036884904546","0.08161998262085784"
"20-04-2019 01:58:39:459","0.6371751515579025","0.3031630055499458","0.09409411092798631","0.10292030139113117","0.4390656032178882"
"20-04-2019 01:58:40:466","0.6029495260449962","0.3818109661956576","0.23169555208605958","0.014061657163441599","0.14136186191822686"
"20-04-2019 01:58:41:474","0.6657642709634879","0.008378092704737794","0.02252520744504949","0.08958427442116146","0.07419594977723948"
"20-04-2019 01:58:42:482","0.87235471411585","0.19976258123151414","0.3412273042853084","0.3796888665463326","0.436538177979892"
"20-04-2019 01:58:43:491","0.5927240626986219","0.16773404899508693","0.026427299854753807","0.19785455328081641","0.012665013839092132"
"20-04-2019 01:58:44:499","0.8428460379644325","0.37984135463746715","0.0745964665662545","0.20952877084058685","0.24142012556545223"
"20-04-2019 01:58:45:504","0.8188904502262908","0.029654439900187724","0.38931506576570535","0.3684690606605519","0.16793031536987496"
"20-04-2019 01:58:46:509","0.8615481134812795","0.2307354584531657","0.0868679815039089","0.2961809749483843","0.3156074791987046"
"20-04-2019 01:58:47:514","0.6393374343481069","0.17813447190913767","0.20310691585803223","0.13211590579561155","0.4318270814040816"
"20-04-2019 01:58:48:515","0.6443330533433977","0.0065791366907575815","0.04892216297206531","0.005308519664350253","0.19727070958739434"
"20-04-2019 01:58:49:522","0.7738111721784596","0.18282043738853912","0.11520756416590033","0.21646298565342065","0.32370299090488425"
"20-04-2019 01:58:50:527","0.8103017603202058","0.1364593286848002","0.010465350856638623","0.32814089319865963","0.23373874976248926"
"20-04-2019 01:58:51:534","0.9472384677706143","0.38043612300483554","0.2445717257463621","0.43105182341344","0.24063929547878776"
"20-04-2019 01:58:52:540","0.533307574818479","0.12175390116984747","0.014769322385804574","0.1989003653077746","0.22648381887094127"
"20-04-2019 01:58:53:542","0.9744347067182106","0.0881766720506783","0.09992567324714981","0.02573395345906987","0.21954420636263294"
"20-04-2019 01:58:54:545","0.8409153706624284","0.3781585393415067","0.39738169413916336","0.18133754595111878","0.48659499641991005"
"20-04-2019 01:58:55:551","0.643362504152269","0.12698497900001024","0.34900221364114115","0.43580838110772996","0.3438016596344308"
"20-04-2019 01:58:56:552","0.6211945526908291","0.21317503373948196","0.03407975921003894","0.3176997781632451","0.1451612048244137"
"20-04-2019 01:58:57:562","0.8998965221053186","0.10621793208441539","0.29742173037793285","0.11550629839272158","0.2824465246718512"
"20-04-2019 01:58:58:569","0.8506297854009282","0.11684106011009088","0.19222613062457464","0.03408711447245277","0.2678330463011892"
"20-04-2019 01:58:59:580","0.5657053275165358","0.22384205250576256","0.3539574528928324","0.2849723236301565","0.3804646686518899"
"20-04-2019 01:59:00:587","0.9486999171522098","0.16333252293866052","0.2755255068619988","0.4664753562309516","0.3265806485863204"
"20-04-2019 01:59:01:596","0.7160975250229767","0.14467780817999532","0.3420616203454103","0.18906294565772314","0.423475970575586"
"20-04-2019 01:59:02:599","0.8899069150720432","0.12071426850622512","0.388783048588534","0.4296398318872101","0.11472146134441319"
"20-04-2019 01:59:03:599","0.5912556159300508","0.06623611284221749","0.3542026707547803","0.224162880214185","0.007905217517830743"
"20-04-2019 01:59:04:607","0.9069678572999051","0.04057076894779197","0.33174171935543834","0.47240426803254976","0.2459204244577179"
"20-04-2019 01:59:05:614","0.9983673881247692","0.19505349898013918","0.24721368795651757","0.44311548181366756","0.41904969618827875"
"20-04-2019 01:59:06:618","0.9294940712623906","0.003976419711129032","0.39993918076143037","0.39732494788477435","0.47127202148234354"
"20-04-2019 01:59:07:624","0.6689121406736384","0.005270253012659643","0.3550014321369809","0.10490680273261566","0.03743515899355676"
"20-04-2019 01:59:08:628","0.691723826121943","0.19694139766536886","0.20336825610120932","0.13522080325018843","0.09525423211910555"
"20-04-2019 01:59:09:635","0.6095195410945313","0.07383258468940457","0.2669173644619809","0.41345363313884337","0.39722136702983185"
"20-04-2019 01:59:10:636","0.8100017438819204","0.2981548959568917","0.13911952548847362","0.40463343001655605","0.44629860098378005"
"20-04-2019 01:59:11:643","0.7925775029101063","0.23354934075772837","0.2712645244870556","0.00474441941677628","0.4944633908127869"
"20-04-2019 01:59:12:646","0.5437473662303582","0.3018277054417713","0.05567026378128803","0.4709204411788074","0.009927112989002118"
"20-04-2019 01:59:13:661","0.9493254269781068","0.16384741801588676","0.06190860867650297","0.1519952268478078","0.27564188535393847"
"20-04-2019 01:59:14:665","0.8732925136086844","0.20283566075623602","0.004156218552841118","0.3291770858298694","0.4470461509324011"
"20-04-2019 01:59:15:668","0.7430300338976721","0.2857997236581466","0.25560851260133316","0.027612747851413877","0.378906353442954"
"20-04-2019 01:59:16:669","0.6406664381916604","0.096306058204117","0.1039922210537696","0.003123141062936652","0.25928443844439797"
"20-04-2019 01:59:17:675","0.7838007569938021","0.03795378740258051","0.15671552217198031","0.41804893102524093","0.3584450560691389"
"20-04-2019 01:59:18:677","0.8810446834214127","0.24019958836331137","0.35913363714421703","0.11285425260275017","0.18493504743650563"
"20-04-2019 01:59:19:682","0.7090346942749931","0.24790838019515934","0.3689821435500889","0.09062587180464438","0.1813341863409466"
"20-04-2019 01:59:20:687","0.8788823426583178","0.10877113344201633","0.0871789810053758","0.4258991885977765","0.3087821649439264"
"20-04-2019 01:59:21:688","0.8556134696242785","0.34553806535432","0.06828545121332251","0.06489935398826885","0.30830209733515496"
"20-04-2019 01:59:22:696","0.7468354652044054","0.34577691620132184","0.07972939704539633","0.36607027314414864","0.05640987704803502"
"20-04-2019 01:59:23:700","0.7826799878542665","0.0535053577816393","0.25945213499927977","0.384081444201041","0.29991779582501005"
"20-04-2019 01:59:24:708","0.7600745825913939","0.20285442226545436","0.1738881203898779","0.22450547906561757","0.18738635967582495"
"20-04-2019 01:59:25:713","0.6688878327712419","0.32852496692189614","0.20509090207172342","0.3853715050555079","0.4217470963909597"
"20-04-2019 01:59:26:718","0.6986531154170574","0.1536510283167598","0.13095913685457555","0.033113495942954374","0.11460946711967795"
"20-04-2019 01:59:27:727","0.6284763823939843","0.2975484070930156","0.2414231651230998","0.23276319242470306","0.38726540879817956"
"20-04-2019 01:59:28:732","0.6377388939515312","0.26696687197472485","0.35526602164604737","0.2950146393957007","0.40187648445290947"
"20-04-2019 01:59:29:737","0.9338334913132434","0.07291398022164111","0.028604343225364162","0.25435434025225406","0.28192825680022454"
"20-04-2019 01:59:30:744","0.9973972269701885","0.07548729106264594","0.1048762650529151","0.4804980811289643","0.023785569563315512"
"20-04-2019 01:59:31:750","0.996998461809333","0.2580713847054039","0.16055580055530003","0.40854401812981367","0.389804823502843"
"20-04-2019 01:59:32:807","0.7524828140823436","0.25017525778646216","0.11443884297927509","0.48010999704665","0.38501862823713556"
"20-04-2019 01:59:33:815","0.6492333565522901","0.016039342405203216","0.09014659915511856","0.2118199483839469","0.3363774841878455"
"20-04-2019 01:59:34:825","0.7326164516112552","0.38275578688131356","0.12432077801714425","0.27127603493291624","0.47775384209087507"
"20-04-2019 01:59:35:830","0.6051920677038272","0.39529607840901054","0.19801086718645067","0.26338459018729027","0.39244709574734893"
"20-04-2019 01:59:36:832","0.5453728023113367","0.07610084340354094","0.3446587544989189","0.12200540199781568","0.3562200711537993"
"20-04-2019 01:59:37:838","0.6677343740764785","0.13902239829110383","0.0705987820304765","0.16421455185419276","0.21359954393049096"
"20-04-2019 01:59:38:842","0.9906326318478087","0.24073611407392598","0.018602471678258903","0.26369906577802255","0.05572400121710186"
"20-04-2019 01:59:39:849","0.6463904404752467","0.09462957757900564","0.020555350378885874","0.02249187340852271","0.3814189420127431"
"20-04-2019 01:59:40:854","0.5803544009787652","0.05654319668016337","0.08351703564945218","0.12058246604905115","0.22626092395880726"
"20-04-2019 01:59:41:855","0.6553905239554103","0.2698792805120311","0.16748593511886842","0.12805800067309098","0.10266107988136902"
"20-04-2019 01:59:42:858","0.7493229842359184","0.24268907847725452","0.3233932240643674","0.13015577747407525","0.4233267034016978"
"20-04-2019 01:59:43:863","0.880241851757164","0.36858480785247744","0.1312931984863424","0.0975104900251571","0.17552325398777024"
"20-04-2019 01:59:44:868","0.5906533394677742","0.19141940682124586","0.33683672894344074","0.42653446018475427","0.08349864778048105"
"20-04-2019 01:59:45:873","0.9067633423566979","0.25344651355146386","0.3724237542274529","0.16806938732802457","0.2707088958899008"
"20-04-2019 01:59:46:873","0.9283428505076536","0.3060511696413113","0.25132122283104874","0.021969013811325155","0.023619065541917394"
"20-04-2019 01:59:47:875","0.8952382515087507","0.38475836715047484","0.1044000829328557","0.23527533087406305","0.18632720060685132"
"20-04-2019 01:59:48:882","0.8446896233377525","0.29740090569613636","0.029142860655943317","0.4446895855346089","0.25382647820755866"
"20-04-2019 01:59:49:892","0.8968016473667041","0.3545707277773986","0.1416101630543934","0.3637884272691035","0.4159695553501321"
"20-04-2019 01:59:50:903","0.9759404706865824","0.3417035541893958","0.0842999039560993","0.08442379037774433","0.17894906066938637"
"20-04-2019 01:59:51:915","0.7398634154687236","0.15383072484150714","0.13757457701002546","0.1963847114672987","0.2985483453406992"
"20-04-2019 01:59:52:926","0.8412220678345719","0.3481156926423895","0.21635757314364185","0.03416006288393281","0.17540320293228018"
"20-04-2019 01:59:53:937","0.6489129892815395","0.024290626201602585","0.24086309515808402","0.3294300003034869","0.3698379398136617"
"20-04-2019 01:59:54:944","0.5354976354077052","0.20554218233276328","0.02982723367747875","0.06794183605247783","0.31281958419334877"
"20-04-2019 01:59:55:948","0.6612614625125992","0.22196368104762315","0.3669353188857398","0.2701636924976888","0.021555637482809475"
"20-04-2019 01:59:56:957","0.5969607787464107","0.04966179649206901","0.10484036354388385","0.12698285444707957","0.2539023592570613"
"20-04-2019 01:59:57:964","0.7634371188650382","0.28979444713218866","0.38797650131336864","0.050407079459830695","0.3267650067747509"
"20-04-2019 01:59:58:975","0.7563646306906207","0.15252149572486415","0.11403801951365772","0.20189264460146528","0.16512685167627172"
"20-04-2019 01:59:59:978","0.8271580846701108","0.008594889890870405","0.002371715707979139","0.21877136047684342","0.4385709330460262"
"20-04-2019 02:00:00:987","0.8200449346596359","0.002428401931191848","0.37353600155475886","0.2821520241726306","0.41418513253680694"
"20-04-2019 02:00:01:995","0.8701967008012083","0.22325279517913407","0.12576001301098008","0.2569442312432083","0.23219539927871785"
"20-04-2019 02:00:03:3","0.5719427299339119","0.3414668309688105","0.2940426183661619","0.2784644247719351","0.2942477650294055"
"20-04-2019 02:00:04:10","0.657101690363627","0.16719054052384658","0.2956766517613762","0.4320074888992243","0.1506480205281277"
"20-04-2019 02:00:05:17","0.9775928339930335","0.27616301869632476","0.17032186512203268","0.4871281937149278","0.4553169721102564"
"20-04-2019 02:00:06:19","0.7995984079549243","0.133712650973983","0.04992733543008679","0.3001650337131202","0.24652370487642183"
"20-04-2019 02:00:07:23","0.859747779634671","0.3329014734079625","0.29734106977817193","0.29343769531650343","0.05379744511944623"
"20-04-2019 02:00:08:37","0.551553504416153","0.15678266352281597","0.11647191829769331","0.235346310092796","0.30758795930033844"
"20-04-2019 02:00:09:39","0.5444634655475606","0.04916414475136924","0.39126016809087627","0.4665079628828982","0.21461202982466826"
"20-04-2019 02:00:10:48","0.8046642211806965","0.12950201104116985","0.3878836686961253","0.05731385945362544","0.2577724820557834"
"20-04-2019 02:00:11:57","0.584965044116441","0.13988721583650496","0.3167852072159645","0.3841485837125967","0.13712969892929172"
"20-04-2019 02:00:12:63","0.7813539446405834","0.08464056452415672","0.1394366251893453","0.04256000467400972","0.430948460305036"
"20-04-2019 02:00:13:71","0.5236323602904867","0.16605460595183397","0.17745304652263294","0.39016215507417534","0.4030097980986582"
"20-04-2019 02:00:14:83","0.6670139501051837","0.38479618709578745","0.3221850289636458","0.3920156276165326","0.42975731441798215"
"20-04-2019 02:00:15:91","0.9964418089244573","0.07599821679994673","0.20355334621740995","0.24636524162869167","0.20483514710742162"
"20-04-2019 02:00:16:92","0.5979971303993198","0.028852172228523543","0.13752783215731856","0.43585283445007295","0.34369583584972724"
"20-04-2019 02:00:17:96","0.5691847839671096","0.12002853996108263","0.3729526494368208","0.48968774496804474","0.2902330621785085"
