time, agreement, concentrating, disagreement, interested, thinking, unsure, heartrate
23859.061,0.7,0.8,0.7,0.9,0.6,0.9,0.49586477473043483
23860.065,0.7,0.8,0.7,0.9,0.6,0.9,0.49586477473043483
23861.07,0.7,0.8,0.7,0.9,0.6,0.9,0.49586477473043483
23862.074,0.7,0.8,0.7,0.9,0.6,0.9,0.49586477473043483
23863.076,0.7,0.8,0.7,0.9,0.6,0.9,0.49586477473043483
23864.077999999998,0.7,0.8,0.7,0.9,0.6,0.9,0.49586477473043483
23865.081000000002,0.7,0.8,0.7,0.9,0.6,0.9,0.49586477473043483
23866.085,0.7,0.8,0.7,0.9,0.6,0.9,0.49586477473043483
23867.088,0.7,0.8,0.7,0.9,0.6,0.9,0.49586477473043483
23868.091,0.7,0.8,0.7,0.9,0.6,0.9,0.49586477473043483
23869.095,0.7,0.8,0.7,0.9,0.6,0.9,0.49586477473043483
23870.101000000002,0.7,0.8,0.7,0.9,0.6,0.9,0.49586477473043483
23871.106,0.7,0.8,0.7,0.9,0.6,0.9,0.49586477473043483
23872.107000000004,0.7,0.8,0.7,0.9,0.6,0.9,0.49586477473043483
23873.111,0.7,0.8,0.7,0.9,0.6,0.9,0.49586477473043483
23874.112999999998,0.7,0.8,0.7,0.9,0.6,0.9,0.49586477473043483
23875.117000000002,0.7,0.8,0.7,0.9,0.6,0.9,0.49586477473043483
23876.122000000003,0.7,0.8,0.7,0.9,0.6,0.9,0.49586477473043483
23877.125,0.7,0.8,0.7,0.9,0.6,0.9,0.49586477473043483
23878.13,0.7,0.8,0.7,0.9,0.6,0.9,0.49586477473043483
23879.132,0.7,0.8,0.7,0.9,0.6,0.9,0.49586477473043483
23880.136000000002,0.7,0.8,0.7,0.9,0.6,0.9,0.49586477473043483
23881.141,0.7,0.8,0.7,0.9,0.6,0.9,0.49586477473043483
23882.142999999996,0.7,0.8,0.7,0.9,0.6,0.9,0.49586477473043483
23883.147999999997,0.7,0.8,0.7,0.9,0.6,0.9,0.49586477473043483
23884.151,0.7,0.8,0.7,0.9,0.6,0.9,0.49586477473043483
23885.155,0.7,0.8,0.7,0.9,0.6,0.9,0.49586477473043483
23886.16,0.7,0.8,0.7,0.9,0.6,0.9,0.49586477473043483
23887.162999999997,0.7,0.8,0.7,0.9,0.6,0.9,0.49586477473043483
23888.167999999998,0.7,0.8,0.7,0.9,0.6,0.9,0.49586477473043483
23889.168999999998,0.7,0.8,0.7,0.9,0.6,0.9,0.49586477473043483
23890.173,0.7,0.8,0.7,0.9,0.6,0.9,0.49586477473043483
23891.174,0.7,0.8,0.7,0.9,0.6,0.9,0.49586477473043483
23892.176,0.7,0.8,0.7,0.9,0.6,0.9,0.49586477473043483
23893.18,0.7,0.8,0.7,0.9,0.6,0.9,0.49586477473043483
23894.182999999997,0.7,0.8,0.7,0.9,0.6,0.9,0.49586477473043483
23895.183999999997,0.7,0.8,0.7,0.9,0.6,0.9,0.49586477473043483
23896.188,0.7,0.8,0.7,0.9,0.6,0.9,0.49586477473043483
23897.191000000003,0.7,0.8,0.7,0.9,0.6,0.9,0.49586477473043483
23898.196,0.7,0.8,0.7,0.9,0.6,0.9,0.49586477473043483
23899.197999999997,0.7,0.8,0.7,0.9,0.6,0.9,0.49586477473043483
23900.199,0.7,0.8,0.7,0.9,0.6,0.9,0.49586477473043483
23901.202999999998,0.7,0.8,0.7,0.9,0.6,0.9,0.49586477473043483
23902.208,0.7,0.8,0.7,0.9,0.6,0.9,0.49586477473043483
23903.21,0.7,0.8,0.7,0.9,0.6,0.9,0.49586477473043483
23904.214,0.7,0.8,0.7,0.9,0.6,0.9,0.49586477473043483
23905.214,0.7,0.8,0.7,0.9,0.6,0.9,0.49586477473043483
23906.215,0.7,0.8,0.7,0.9,0.6,0.9,0.49586477473043483
23907.221,0.7,0.8,0.7,0.9,0.6,0.9,0.49586477473043483
23908.222999999998,0.7,0.8,0.7,0.9,0.6,0.9,0.49586477473043483
23909.225,0.7,0.8,0.7,0.9,0.6,0.9,0.49586477473043483
23910.228,0.7,0.8,0.7,0.9,0.6,0.9,0.49586477473043483
23911.228,0.7,0.8,0.7,0.9,0.6,0.9,0.49586477473043483
23912.231,0.7,0.8,0.7,0.9,0.6,0.9,0.49586477473043483
23913.234,0.7,0.8,0.7,0.9,0.6,0.9,0.49586477473043483
23914.236,0.7,0.8,0.7,0.9,0.6,0.9,0.49586477473043483
23915.237,0.7,0.8,0.7,0.9,0.6,0.9,0.49586477473043483
23916.242000000002,0.7,0.8,0.7,0.9,0.6,0.9,0.49586477473043483
23917.244,0.7,0.8,0.7,0.9,0.6,0.9,0.49586477473043483
23918.248,0.7,0.8,0.7,0.9,0.6,0.9,0.49586477473043483
23919.252,0.7,0.8,0.7,0.9,0.6,0.9,0.49586477473043483
23920.257,0.7,0.8,0.7,0.9,0.6,0.9,0.49586477473043483
23921.266,0.7,0.8,0.7,0.9,0.6,0.9,0.302646433
23922.27,0.7,0.8,0.7,0.9,0.6,0.9,0.49586477473043483
23923.273999999998,0.7,0.8,0.7,0.9,0.6,0.9,0.49586477473043483
23924.277000000002,0.7,0.8,0.7,0.9,0.6,0.9,0.49586477473043483
23925.277000000002,0.7,0.8,0.7,0.9,0.6,0.9,0.49586477473043483
23926.282000000003,0.7,0.8,0.7,0.9,0.6,0.9,0.49586477473043483
23927.285,0.7,0.8,0.7,0.9,0.6,0.9,0.49586477473043483
23928.285,0.7,0.8,0.7,0.9,0.6,0.9,0.49586477473043483
23929.287,0.7,0.8,0.7,0.9,0.6,0.9,0.49586477473043483
23930.287999999997,0.7,0.8,0.7,0.9,0.6,0.9,0.49586477473043483
23931.292,0.7,0.8,0.7,0.9,0.6,0.9,0.49586477473043483
23932.296000000002,0.7,0.8,0.7,0.9,0.6,0.9,0.49586477473043483
23933.301,0.7,0.8,0.7,0.9,0.6,0.9,0.49586477473043483
23934.305,0.7,0.8,0.7,0.9,0.6,0.9,0.49586477473043483
23935.308999999997,0.7,0.8,0.7,0.9,0.6,0.9,0.49586477473043483
23936.313,0.7,0.8,0.7,0.9,0.6,0.9,0.49586477473043483
23937.315,0.7,0.8,0.7,0.9,0.6,0.9,0.49586477473043483
23938.318,0.7,0.8,0.7,0.9,0.6,0.9,0.49586477473043483
23939.322,0.7,0.8,0.7,0.9,0.6,0.9,0.49586477473043483
23940.326,0.7,0.8,0.7,0.9,0.6,0.9,0.49586477473043483
23941.33,0.7,0.8,0.7,0.9,0.6,0.9,0.49586477473043483
23942.335,0.7,0.8,0.7,0.9,0.6,0.9,0.49586477473043483
23943.34,0.7,0.8,0.7,0.9,0.6,0.9,0.49586477473043483
23944.342,0.7,0.8,0.7,0.9,0.6,0.9,0.49586477473043483
23945.343999999997,0.7,0.8,0.7,0.9,0.6,0.9,0.49586477473043483
23946.346,0.7,0.8,0.7,0.9,0.6,0.9,0.49586477473043483
23947.351000000002,0.7,0.8,0.7,0.9,0.6,0.9,0.49586477473043483
23948.352000000003,0.7,0.8,0.7,0.9,0.6,0.9,0.49586477473043483
23949.356,0.7,0.8,0.7,0.9,0.6,0.9,0.49586477473043483
23950.356,0.7,0.8,0.7,0.9,0.6,0.9,0.49586477473043483
23951.361,0.7,0.8,0.7,0.9,0.6,0.9,0.49586477473043483
23952.365,0.7,0.8,0.7,0.9,0.6,0.9,0.49586477473043483
23953.368,0.7,0.8,0.7,0.9,0.6,0.9,0.49586477473043483
23954.373,0.7,0.8,0.7,0.9,0.6,0.9,0.49586477473043483
23955.377999999997,0.7,0.8,0.7,0.9,0.6,0.9,0.49586477473043483
23956.381,0.7,0.8,0.7,0.9,0.6,0.9,0.49586477473043483
23957.382,0.7,0.8,0.7,0.9,0.6,0.9,0.49586477473043483
23958.387000000002,0.7,0.8,0.7,0.9,0.6,0.9,0.49586477473043483
23959.391,0.7,0.8,0.7,0.9,0.6,0.9,0.49586477473043483
23960.392000000003,0.7,0.8,0.7,0.9,0.6,0.9,0.49586477473043483
23961.396,0.7,0.8,0.7,0.9,0.6,0.9,0.49586477473043483
23962.397999999997,0.7,0.8,0.7,0.9,0.6,0.9,0.49586477473043483
23963.403,0.7,0.8,0.7,0.9,0.6,0.9,0.720373235
23964.407000000003,0.7,0.8,0.7,0.9,0.6,0.9,0.49586477473043483
23965.412,0.7,0.8,0.7,0.9,0.6,0.9,0.49586477473043483
23966.416,0.7,0.8,0.7,0.9,0.6,0.9,0.49586477473043483
23967.417,0.7,0.8,0.7,0.9,0.6,0.9,0.49586477473043483
23968.417999999998,0.7,0.8,0.7,0.9,0.6,0.9,0.49586477473043483
23969.423,0.7,0.8,0.7,0.9,0.6,0.9,0.49586477473043483
23970.428,0.7,0.8,0.7,0.9,0.6,0.9,0.49586477473043483
23971.432,0.7,0.8,0.7,0.9,0.6,0.9,0.49586477473043483
23972.436,0.7,0.8,0.7,0.9,0.6,0.9,0.49586477473043483
23973.44,0.7,0.8,0.7,0.9,0.6,0.9,0.49586477473043483
23974.444,0.7,0.8,0.7,0.9,0.6,0.9,0.49586477473043483
23975.447,0.7,0.8,0.7,0.9,0.6,0.9,0.49586477473043483
23976.452,0.7,0.8,0.7,0.9,0.6,0.9,0.49586477473043483
23977.459,0.7,0.8,0.7,0.9,0.6,0.9,0.49586477473043483
23978.463,0.7,0.8,0.7,0.9,0.6,0.9,0.49586477473043483
23979.465,0.7,0.8,0.7,0.9,0.6,0.9,0.49586477473043483
23980.47,0.7,0.8,0.7,0.9,0.6,0.9,0.49586477473043483
23981.472999999998,0.7,0.8,0.7,0.9,0.6,0.9,0.49586477473043483
23982.472999999998,0.7,0.8,0.7,0.9,0.6,0.9,0.49586477473043483
23983.474,0.7,0.8,0.7,0.9,0.6,0.9,0.49586477473043483
23984.479,0.7,0.8,0.7,0.9,0.6,0.9,0.49586477473043483
23985.482000000004,0.7,0.8,0.7,0.9,0.6,0.9,0.49586477473043483
23986.487999999998,0.7,0.8,0.7,0.9,0.6,0.9,0.49586477473043483
23987.492000000002,0.7,0.8,0.7,0.9,0.6,0.9,0.49586477473043483
23988.497000000003,0.7,0.8,0.7,0.9,0.6,0.9,0.49586477473043483
23989.501,0.7,0.8,0.7,0.9,0.6,0.9,0.49586477473043483
23990.502,0.7,0.8,0.7,0.9,0.6,0.9,0.49586477473043483
23991.504,0.7,0.8,0.7,0.9,0.6,0.9,0.49586477473043483
23992.504,0.7,0.8,0.7,0.9,0.6,0.9,0.49586477473043483
23993.507,0.7,0.8,0.7,0.9,0.6,0.9,0.49586477473043483
23994.511000000002,0.7,0.8,0.7,0.9,0.6,0.9,0.49586477473043483
23995.513,0.7,0.8,0.7,0.9,0.6,0.9,0.49586477473043483
23996.515,0.7,0.8,0.7,0.9,0.6,0.9,0.49586477473043483
23997.517000000003,0.7,0.8,0.7,0.9,0.6,0.9,0.49586477473043483
23998.522999999997,0.7,0.8,0.7,0.9,0.6,0.9,0.49586477473043483
23999.523999999998,0.7,0.8,0.7,0.9,0.6,0.9,0.49586477473043483
24000.527000000002,0.7,0.8,0.7,0.9,0.6,0.9,0.49586477473043483
24001.531000000003,0.7,0.8,0.7,0.9,0.6,0.9,0.49586477473043483
24002.536,0.7,0.8,0.7,0.9,0.6,0.9,0.49586477473043483
24003.537,0.7,0.8,0.7,0.9,0.6,0.9,0.49586477473043483
24004.542,0.7,0.8,0.7,0.9,0.6,0.9,0.49586477473043483
24005.545,0.7,0.8,0.7,0.9,0.6,0.9,0.49586477473043483
24006.548,0.7,0.8,0.7,0.9,0.6,0.9,0.49586477473043483
24007.553,0.7,0.8,0.7,0.9,0.6,0.9,0.49586477473043483
24008.557,0.7,0.8,0.7,0.9,0.6,0.9,0.49586477473043483
24009.561,0.7,0.8,0.7,0.9,0.6,0.9,0.49586477473043483
24010.566000000003,0.7,0.8,0.7,0.9,0.6,0.9,0.49586477473043483
24011.568,0.7,0.8,0.7,0.9,0.6,0.9,0.49586477473043483
24012.571,0.7,0.8,0.7,0.9,0.6,0.9,0.49586477473043483
24013.576,0.7,0.8,0.7,0.9,0.6,0.9,0.49586477473043483
24014.58,0.7,0.8,0.7,0.9,0.6,0.9,0.49586477473043483
24015.584,0.7,0.8,0.7,0.9,0.6,0.9,0.49586477473043483
24016.585,0.7,0.8,0.7,0.9,0.6,0.9,0.49586477473043483
24017.589,0.7,0.8,0.7,0.9,0.6,0.9,0.49586477473043483
24018.591,0.7,0.8,0.7,0.9,0.6,0.9,0.49586477473043483
24019.596,0.7,0.8,0.7,0.9,0.6,0.9,0.49586477473043483
24020.6,0.7,0.8,0.7,0.9,0.6,0.9,0.49586477473043483
24021.602000000003,0.7,0.8,0.7,0.9,0.6,0.9,0.49586477473043483
24022.604,0.7,0.8,0.7,0.9,0.6,0.9,0.49586477473043483
24023.607000000004,0.7,0.8,0.7,0.9,0.6,0.9,0.49586477473043483
24024.607999999997,0.7,0.8,0.7,0.9,0.6,0.9,0.49586477473043483
24025.607999999997,0.7,0.8,0.7,0.9,0.6,0.9,0.49586477473043483
24026.611,0.7,0.8,0.7,0.9,0.6,0.9,0.49586477473043483
24027.612999999998,0.7,0.8,0.7,0.9,0.6,0.9,0.49586477473043483
24028.617000000002,0.7,0.8,0.7,0.9,0.6,0.9,0.49586477473043483
24029.62,0.7,0.8,0.7,0.9,0.6,0.9,0.49586477473043483
24030.624,0.7,0.8,0.7,0.9,0.6,0.9,0.49586477473043483
24031.627,0.7,0.8,0.7,0.9,0.6,0.9,0.49586477473043483
24032.63,0.7,0.8,0.7,0.9,0.6,0.9,0.49586477473043483
24033.635,0.7,0.8,0.7,0.9,0.6,0.9,0.49586477473043483
24034.639,0.7,0.8,0.7,0.9,0.6,0.9,0.49586477473043483
24035.642999999996,0.7,0.8,0.7,0.9,0.6,0.9,0.49586477473043483
24036.647999999997,0.7,0.8,0.7,0.9,0.6,0.9,0.49586477473043483
24037.651,0.7,0.8,0.7,0.9,0.6,0.9,0.49586477473043483
24038.654,0.7,0.8,0.7,0.9,0.6,0.9,0.49586477473043483
24039.656000000003,0.7,0.8,0.7,0.9,0.6,0.9,0.49586477473043483
24040.659,0.7,0.8,0.7,0.9,0.6,0.9,0.49586477473043483
24041.661,0.7,0.8,0.7,0.9,0.6,0.9,0.49586477473043483
24042.667,0.7,0.8,0.7,0.9,0.6,0.9,0.49586477473043483
24043.667,0.7,0.8,0.7,0.9,0.6,0.9,0.49586477473043483
24044.668999999998,0.7,0.8,0.7,0.9,0.6,0.9,0.49586477473043483
24045.673,0.7,0.8,0.7,0.9,0.6,0.9,0.865638013
24046.674,0.7,0.8,0.7,0.9,0.6,0.9,0.217480805
24047.675,0.7,0.8,0.7,0.9,0.6,0.9,0.49586477473043483
24048.677000000003,0.7,0.8,0.7,0.9,0.6,0.9,0.49586477473043483
24049.681,0.7,0.8,0.7,0.9,0.6,0.9,0.49586477473043483
24050.685,0.7,0.8,0.7,0.9,0.6,0.9,0.49586477473043483
24051.689,0.7,0.8,0.7,0.9,0.6,0.9,0.49586477473043483
24052.692000000003,0.7,0.8,0.7,0.9,0.6,0.9,0.49586477473043483
24053.696,0.7,0.8,0.7,0.9,0.6,0.9,0.49586477473043483
24054.702,0.7,0.8,0.7,0.9,0.6,0.9,0.49586477473043483
24055.705,0.7,0.8,0.7,0.9,0.6,0.9,0.49586477473043483
24056.708,0.7,0.8,0.7,0.9,0.6,0.9,0.49586477473043483
24057.711,0.7,0.8,0.7,0.9,0.6,0.9,0.49586477473043483
24058.715,0.7,0.8,0.7,0.9,0.6,0.9,0.49586477473043483
24059.717,0.7,0.8,0.7,0.9,0.6,0.9,0.49586477473043483
24060.722,0.7,0.8,0.7,0.9,0.6,0.9,0.49586477473043483
24061.725,0.7,0.8,0.7,0.9,0.6,0.9,0.49586477473043483
24062.729,0.7,0.8,0.7,0.9,0.6,0.9,0.49586477473043483
24063.731,0.7,0.8,0.7,0.9,0.6,0.9,0.49586477473043483
24064.731,0.7,0.8,0.7,0.9,0.6,0.9,0.49586477473043483
24065.736,0.7,0.8,0.7,0.9,0.6,0.9,0.49586477473043483
24066.737,0.7,0.8,0.7,0.9,0.6,0.9,0.49586477473043483
24067.742000000002,0.7,0.8,0.7,0.9,0.6,0.9,0.49586477473043483
24068.747000000003,0.7,0.8,0.7,0.9,0.6,0.9,0.49586477473043483
24069.749,0.7,0.8,0.7,0.9,0.6,0.9,0.49586477473043483
24070.752,0.7,0.8,0.7,0.9,0.6,0.9,0.49586477473043483
24071.756,0.7,0.8,0.7,0.9,0.6,0.9,0.49586477473043483
24072.761000000002,0.7,0.8,0.7,0.9,0.6,0.9,0.49586477473043483
24073.764,0.7,0.8,0.7,0.9,0.6,0.9,0.49586477473043483
24074.767999999996,0.7,0.8,0.7,0.9,0.6,0.9,0.49586477473043483
24075.772,0.7,0.8,0.7,0.9,0.6,0.9,0.49586477473043483
24076.773999999998,0.7,0.8,0.7,0.9,0.6,0.9,0.49586477473043483
24077.778,0.7,0.8,0.7,0.9,0.6,0.9,0.49586477473043483
24078.782000000003,0.7,0.8,0.7,0.9,0.6,0.9,0.49586477473043483
24079.783,0.7,0.8,0.7,0.9,0.6,0.9,0.49586477473043483
24080.785,0.7,0.8,0.7,0.9,0.6,0.9,0.49586477473043483
24081.786,0.7,0.8,0.7,0.9,0.6,0.9,0.49586477473043483
24082.789,0.7,0.8,0.7,0.9,0.6,0.9,0.49586477473043483
24083.792,0.7,0.8,0.7,0.9,0.6,0.9,0.49586477473043483
24084.795,0.7,0.8,0.7,0.9,0.6,0.9,0.49586477473043483
24085.798,0.7,0.8,0.7,0.9,0.6,0.9,0.49586477473043483
24204.04,0.3,0.3,0.3,0.8,0.7,0.9,0.49586477473043483
24205.042,0.3,0.3,0.3,0.8,0.7,0.9,0.49586477473043483
24206.047000000002,0.3,0.3,0.3,0.8,0.7,0.9,0.49586477473043483
24207.051,0.3,0.3,0.3,0.8,0.7,0.9,0.49586477473043483
24208.052000000003,0.3,0.3,0.3,0.8,0.7,0.9,0.49586477473043483
24209.054,0.3,0.3,0.3,0.8,0.7,0.9,0.49586477473043483
24210.057,0.3,0.3,0.3,0.8,0.7,0.9,0.49586477473043483
24211.058999999997,0.3,0.3,0.3,0.8,0.7,0.9,0.49586477473043483
24212.062,0.3,0.3,0.3,0.8,0.7,0.9,0.49586477473043483
24213.066000000003,0.3,0.3,0.3,0.8,0.7,0.9,0.49586477473043483
24214.068,0.3,0.3,0.3,0.8,0.7,0.9,0.49586477473043483
24215.071,0.3,0.3,0.3,0.8,0.7,0.9,0.49586477473043483
24216.075,0.3,0.3,0.3,0.8,0.7,0.9,0.49586477473043483
24217.078999999998,0.3,0.3,0.3,0.8,0.7,0.9,0.49586477473043483
24218.083,0.3,0.3,0.3,0.8,0.7,0.9,0.49586477473043483
24219.087000000003,0.3,0.3,0.3,0.8,0.7,0.9,0.49586477473043483
24220.091,0.3,0.3,0.3,0.8,0.7,0.9,0.49586477473043483
24221.095,0.3,0.3,0.3,0.8,0.7,0.9,0.49586477473043483
24222.1,0.3,0.3,0.3,0.8,0.7,0.9,0.49586477473043483
24223.101000000002,0.3,0.3,0.3,0.8,0.7,0.9,0.49586477473043483
24224.106,0.3,0.3,0.3,0.8,0.7,0.9,0.49586477473043483
24225.113999999998,0.3,0.3,0.3,0.8,0.7,0.9,0.49586477473043483
24226.117000000002,0.3,0.3,0.3,0.8,0.7,0.9,0.49586477473043483
24227.12,0.3,0.3,0.3,0.8,0.7,0.9,0.49586477473043483
24228.125,0.3,0.3,0.3,0.8,0.7,0.9,0.49586477473043483
24229.127,0.3,0.3,0.3,0.8,0.7,0.9,0.49586477473043483
24230.13,0.3,0.3,0.3,0.8,0.7,0.9,0.49586477473043483
24231.132,0.3,0.3,0.3,0.8,0.7,0.9,0.49586477473043483
24232.138,0.3,0.3,0.3,0.8,0.7,0.9,0.49586477473043483
24233.141,0.3,0.3,0.3,0.8,0.7,0.9,0.49586477473043483
24234.144,0.3,0.3,0.3,0.8,0.7,0.9,0.49586477473043483
24235.144,0.3,0.3,0.3,0.8,0.7,0.9,0.49586477473043483
24236.145,0.3,0.3,0.3,0.8,0.7,0.9,0.49586477473043483
24237.148999999998,0.3,0.3,0.3,0.8,0.7,0.9,0.49586477473043483
24238.151,0.3,0.3,0.3,0.8,0.7,0.9,0.49586477473043483
24239.154,0.3,0.3,0.3,0.8,0.7,0.9,0.49586477473043483
24240.155,0.3,0.3,0.3,0.8,0.7,0.9,0.49586477473043483
24241.158,0.3,0.3,0.3,0.8,0.7,0.9,0.49586477473043483
24242.162,0.3,0.3,0.3,0.8,0.7,0.9,0.49586477473043483
24243.165,0.3,0.3,0.3,0.8,0.7,0.9,0.49586477473043483
24244.167999999998,0.3,0.3,0.3,0.8,0.7,0.9,0.49586477473043483
24245.168999999998,0.3,0.3,0.3,0.8,0.7,0.9,0.49586477473043483
23859.051,0.637546468401487,0.7219330855018588,0.637546468401487,0.8843866171003719,0.6156133828996281,0.9000000000000002,0.130772326
23860.056,0.637546468401487,0.7219330855018588,0.637546468401487,0.8843866171003719,0.6156133828996281,0.9000000000000002,0.8825694040000001
23861.061,0.637546468401487,0.7219330855018588,0.637546468401487,0.8843866171003719,0.6156133828996281,0.9000000000000002,0.7577335190000001
23862.065,0.637546468401487,0.7219330855018588,0.637546468401487,0.8843866171003719,0.6156133828996281,0.9000000000000002,0.483243695
23863.069,0.637546468401487,0.7219330855018588,0.637546468401487,0.8843866171003719,0.6156133828996281,0.9000000000000002,0.26683626899999996
23864.072,0.637546468401487,0.7219330855018588,0.637546468401487,0.8843866171003719,0.6156133828996281,0.9000000000000002,0.879835363
23865.075,0.637546468401487,0.7219330855018588,0.637546468401487,0.8843866171003719,0.6156133828996281,0.9000000000000002,0.19489109899999998
23866.077999999998,0.637546468401487,0.7219330855018588,0.637546468401487,0.8843866171003719,0.6156133828996281,0.9000000000000002,0.9117582479999999
23867.081000000002,0.637546468401487,0.7219330855018588,0.637546468401487,0.8843866171003719,0.6156133828996281,0.9000000000000002,0.34411734
23868.083,0.637546468401487,0.7219330855018588,0.637546468401487,0.8843866171003719,0.6156133828996281,0.9000000000000002,0.610523939
23869.088,0.637546468401487,0.7219330855018588,0.637546468401487,0.8843866171003719,0.6156133828996281,0.9000000000000002,0.814616817
23870.088,0.637546468401487,0.7219330855018588,0.637546468401487,0.8843866171003719,0.6156133828996281,0.9000000000000002,0.068709203
23871.092999999997,0.637546468401487,0.7219330855018588,0.637546468401487,0.8843866171003719,0.6156133828996281,0.9000000000000002,0.050551631
23872.095,0.637546468401487,0.7219330855018588,0.637546468401487,0.8843866171003719,0.6156133828996281,0.9000000000000002,0.54824281
23873.1,0.637546468401487,0.7219330855018588,0.637546468401487,0.8843866171003719,0.6156133828996281,0.9000000000000002,0.141270026
23874.104,0.637546468401487,0.7219330855018588,0.637546468401487,0.8843866171003719,0.6156133828996281,0.9000000000000002,0.244749537
23875.107999999997,0.637546468401487,0.7219330855018588,0.637546468401487,0.8843866171003719,0.6156133828996281,0.9000000000000002,0.483603999
23876.112,0.637546468401487,0.7219330855018588,0.637546468401487,0.8843866171003719,0.6156133828996281,0.9000000000000002,0.29316517
23877.112999999998,0.637546468401487,0.7219330855018588,0.637546468401487,0.8843866171003719,0.6156133828996281,0.9000000000000002,0.900381188
23878.117000000002,0.637546468401487,0.7219330855018588,0.637546468401487,0.8843866171003719,0.6156133828996281,0.9000000000000002,0.802797667
23879.118,0.637546468401487,0.7219330855018588,0.637546468401487,0.8843866171003719,0.6156133828996281,0.9000000000000002,0.201172908
23880.121,0.637546468401487,0.7219330855018588,0.637546468401487,0.8843866171003719,0.6156133828996281,0.9000000000000002,0.17108761100000003
23881.124,0.637546468401487,0.7219330855018588,0.637546468401487,0.8843866171003719,0.6156133828996281,0.9000000000000002,0.945886749
23882.124,0.637546468401487,0.7219330855018588,0.637546468401487,0.8843866171003719,0.6156133828996281,0.9000000000000002,0.19627591
23883.129,0.637546468401487,0.7219330855018588,0.637546468401487,0.8843866171003719,0.6156133828996281,0.9000000000000002,0.264573262
23884.134,0.637546468401487,0.7219330855018588,0.637546468401487,0.8843866171003719,0.6156133828996281,0.9000000000000002,0.7198985309999999
23885.139,0.637546468401487,0.7219330855018588,0.637546468401487,0.8843866171003719,0.6156133828996281,0.9000000000000002,0.13545063300000001
23886.142999999996,0.637546468401487,0.7219330855018588,0.637546468401487,0.8843866171003719,0.6156133828996281,0.9000000000000002,0.638507232
23887.147,0.637546468401487,0.7219330855018588,0.637546468401487,0.8843866171003719,0.6156133828996281,0.9000000000000002,0.6184760460000001
23888.152000000002,0.637546468401487,0.7219330855018588,0.637546468401487,0.8843866171003719,0.6156133828996281,0.9000000000000002,0.16639215699999998
23889.157000000003,0.637546468401487,0.7219330855018588,0.637546468401487,0.8843866171003719,0.6156133828996281,0.9000000000000002,0.477755556
23890.16,0.637546468401487,0.7219330855018588,0.637546468401487,0.8843866171003719,0.6156133828996281,0.9000000000000002,0.571616414
23891.165,0.637546468401487,0.7219330855018588,0.637546468401487,0.8843866171003719,0.6156133828996281,0.9000000000000002,0.14975443300000002
23892.167999999998,0.637546468401487,0.7219330855018588,0.637546468401487,0.8843866171003719,0.6156133828996281,0.9000000000000002,0.188747377
23893.172000000002,0.637546468401487,0.7219330855018588,0.637546468401487,0.8843866171003719,0.6156133828996281,0.9000000000000002,0.5758425429999999
23894.174,0.637546468401487,0.7219330855018588,0.637546468401487,0.8843866171003719,0.6156133828996281,0.9000000000000002,0.10378902400000001
23895.177000000003,0.637546468401487,0.7219330855018588,0.637546468401487,0.8843866171003719,0.6156133828996281,0.9000000000000002,0.420506255
23896.178,0.637546468401487,0.7219330855018588,0.637546468401487,0.8843866171003719,0.6156133828996281,0.9000000000000002,0.35862246299999995
23897.18,0.637546468401487,0.7219330855018588,0.637546468401487,0.8843866171003719,0.6156133828996281,0.9000000000000002,0.24702226300000002
23898.186,0.637546468401487,0.7219330855018588,0.637546468401487,0.8843866171003719,0.6156133828996281,0.9000000000000002,0.010500216000000001
23899.189,0.637546468401487,0.7219330855018588,0.637546468401487,0.8843866171003719,0.6156133828996281,0.9000000000000002,0.380092593
23900.193,0.637546468401487,0.7219330855018588,0.637546468401487,0.8843866171003719,0.6156133828996281,0.9000000000000002,0.661699921
23901.197,0.637546468401487,0.7219330855018588,0.637546468401487,0.8843866171003719,0.6156133828996281,0.9000000000000002,0.212577254
23902.202,0.637546468401487,0.7219330855018588,0.637546468401487,0.8843866171003719,0.6156133828996281,0.9000000000000002,0.728332462
23903.205,0.637546468401487,0.7219330855018588,0.637546468401487,0.8843866171003719,0.6156133828996281,0.9000000000000002,0.326853154
23904.208,0.637546468401487,0.7219330855018588,0.637546468401487,0.8843866171003719,0.6156133828996281,0.9000000000000002,0.406648701
23905.209,0.637546468401487,0.7219330855018588,0.637546468401487,0.8843866171003719,0.6156133828996281,0.9000000000000002,0.9194191559999999
23906.213,0.637546468401487,0.7219330855018588,0.637546468401487,0.8843866171003719,0.6156133828996281,0.9000000000000002,0.009259423000000001
23907.215,0.637546468401487,0.7219330855018588,0.637546468401487,0.8843866171003719,0.6156133828996281,0.9000000000000002,0.012229055
23908.218999999997,0.637546468401487,0.7219330855018588,0.637546468401487,0.8843866171003719,0.6156133828996281,0.9000000000000002,0.649853433
23909.222,0.637546468401487,0.7219330855018588,0.637546468401487,0.8843866171003719,0.6156133828996281,0.9000000000000002,0.8810609309999999
23910.227000000003,0.637546468401487,0.7219330855018588,0.637546468401487,0.8843866171003719,0.6156133828996281,0.9000000000000002,0.548781062
23911.229,0.637546468401487,0.7219330855018588,0.637546468401487,0.8843866171003719,0.6156133828996281,0.9000000000000002,0.058344118
23912.232999999997,0.637546468401487,0.7219330855018588,0.637546468401487,0.8843866171003719,0.6156133828996281,0.9000000000000002,0.986893418
23913.237,0.637546468401487,0.7219330855018588,0.637546468401487,0.8843866171003719,0.6156133828996281,0.9000000000000002,0.406708545
23914.24,0.637546468401487,0.7219330855018588,0.637546468401487,0.8843866171003719,0.6156133828996281,0.9000000000000002,0.9530528220000001
23915.245,0.637546468401487,0.7219330855018588,0.637546468401487,0.8843866171003719,0.6156133828996281,0.9000000000000002,0.7946657709999999
23916.25,0.637546468401487,0.7219330855018588,0.637546468401487,0.8843866171003719,0.6156133828996281,0.9000000000000002,0.191637012
23917.254,0.637546468401487,0.7219330855018588,0.637546468401487,0.8843866171003719,0.6156133828996281,0.9000000000000002,0.22497279399999998
23918.257999999998,0.637546468401487,0.7219330855018588,0.637546468401487,0.8843866171003719,0.6156133828996281,0.9000000000000002,0.8681594000000001
23919.26,0.637546468401487,0.7219330855018588,0.637546468401487,0.8843866171003719,0.6156133828996281,0.9000000000000002,0.210187603
23920.261000000002,0.637546468401487,0.7219330855018588,0.637546468401487,0.8843866171003719,0.6156133828996281,0.9000000000000002,0.7199492890000001
23922.266,0.637546468401487,0.7219330855018588,0.637546468401487,0.8843866171003719,0.6156133828996281,0.9000000000000002,0.958941665
23923.267000000003,0.637546468401487,0.7219330855018588,0.637546468401487,0.8843866171003719,0.6156133828996281,0.9000000000000002,0.9646450790000001
23924.267000000003,0.637546468401487,0.7219330855018588,0.637546468401487,0.8843866171003719,0.6156133828996281,0.9000000000000002,0.5373944829999999
23925.271,0.637546468401487,0.7219330855018588,0.637546468401487,0.8843866171003719,0.6156133828996281,0.9000000000000002,0.10918790800000001
23926.275,0.637546468401487,0.7219330855018588,0.637546468401487,0.8843866171003719,0.6156133828996281,0.9000000000000002,0.6952929259999999
23927.278,0.637546468401487,0.7219330855018588,0.637546468401487,0.8843866171003719,0.6156133828996281,0.9000000000000002,0.30559717399999997
23928.287999999997,0.637546468401487,0.7219330855018588,0.637546468401487,0.8843866171003719,0.6156133828996281,0.9000000000000002,0.078947087
23929.292,0.637546468401487,0.7219330855018588,0.637546468401487,0.8843866171003719,0.6156133828996281,0.9000000000000002,0.6839974040000001
23930.296000000002,0.637546468401487,0.7219330855018588,0.637546468401487,0.8843866171003719,0.6156133828996281,0.9000000000000002,0.580598669
23931.298,0.637546468401487,0.7219330855018588,0.637546468401487,0.8843866171003719,0.6156133828996281,0.9000000000000002,0.29777607300000003
23932.301,0.637546468401487,0.7219330855018588,0.637546468401487,0.8843866171003719,0.6156133828996281,0.9000000000000002,0.40360802100000004
23933.306,0.637546468401487,0.7219330855018588,0.637546468401487,0.8843866171003719,0.6156133828996281,0.9000000000000002,0.12626706
23934.31,0.637546468401487,0.7219330855018588,0.637546468401487,0.8843866171003719,0.6156133828996281,0.9000000000000002,0.540001602
23935.314,0.637546468401487,0.7219330855018588,0.637546468401487,0.8843866171003719,0.6156133828996281,0.9000000000000002,0.9869280009999999
23936.318,0.637546468401487,0.7219330855018588,0.637546468401487,0.8843866171003719,0.6156133828996281,0.9000000000000002,0.7679557309999999
23937.322999999997,0.637546468401487,0.7219330855018588,0.637546468401487,0.8843866171003719,0.6156133828996281,0.9000000000000002,0.546132023
23938.327999999998,0.637546468401487,0.7219330855018588,0.637546468401487,0.8843866171003719,0.6156133828996281,0.9000000000000002,0.675431676
23939.328999999998,0.637546468401487,0.7219330855018588,0.637546468401487,0.8843866171003719,0.6156133828996281,0.9000000000000002,0.992438723
23940.332000000002,0.637546468401487,0.7219330855018588,0.637546468401487,0.8843866171003719,0.6156133828996281,0.9000000000000002,0.910044462
23941.337000000003,0.637546468401487,0.7219330855018588,0.637546468401487,0.8843866171003719,0.6156133828996281,0.9000000000000002,0.091044475
23942.339,0.637546468401487,0.7219330855018588,0.637546468401487,0.8843866171003719,0.6156133828996281,0.9000000000000002,0.489848746
23943.342999999997,0.637546468401487,0.7219330855018588,0.637546468401487,0.8843866171003719,0.6156133828996281,0.9000000000000002,0.551356539
23944.346,0.637546468401487,0.7219330855018588,0.637546468401487,0.8843866171003719,0.6156133828996281,0.9000000000000002,0.308694913
23945.347,0.637546468401487,0.7219330855018588,0.637546468401487,0.8843866171003719,0.6156133828996281,0.9000000000000002,0.39273805100000003
23946.347999999998,0.637546468401487,0.7219330855018588,0.637546468401487,0.8843866171003719,0.6156133828996281,0.9000000000000002,0.9849029709999999
23947.354,0.637546468401487,0.7219330855018588,0.637546468401487,0.8843866171003719,0.6156133828996281,0.9000000000000002,0.220997311
23948.362,0.637546468401487,0.7219330855018588,0.637546468401487,0.8843866171003719,0.6156133828996281,0.9000000000000002,0.5631050639999999
23949.363999999998,0.637546468401487,0.7219330855018588,0.637546468401487,0.8843866171003719,0.6156133828996281,0.9000000000000002,0.667845316
23950.366,0.637546468401487,0.7219330855018588,0.637546468401487,0.8843866171003719,0.6156133828996281,0.9000000000000002,0.744226307
23951.37,0.637546468401487,0.7219330855018588,0.637546468401487,0.8843866171003719,0.6156133828996281,0.9000000000000002,0.288135188
23952.374,0.637546468401487,0.7219330855018588,0.637546468401487,0.8843866171003719,0.6156133828996281,0.9000000000000002,0.823842318
23953.379,0.637546468401487,0.7219330855018588,0.637546468401487,0.8843866171003719,0.6156133828996281,0.9000000000000002,0.749176637
23954.382999999998,0.637546468401487,0.7219330855018588,0.637546468401487,0.8843866171003719,0.6156133828996281,0.9000000000000002,0.228825842
23955.386000000002,0.637546468401487,0.7219330855018588,0.637546468401487,0.8843866171003719,0.6156133828996281,0.9000000000000002,0.42985382299999997
23956.388,0.637546468401487,0.7219330855018588,0.637546468401487,0.8843866171003719,0.6156133828996281,0.9000000000000002,0.898660175
23957.392999999996,0.637546468401487,0.7219330855018588,0.637546468401487,0.8843866171003719,0.6156133828996281,0.9000000000000002,0.524863462
23958.395,0.637546468401487,0.7219330855018588,0.637546468401487,0.8843866171003719,0.6156133828996281,0.9000000000000002,0.031557877000000005
23959.397,0.637546468401487,0.7219330855018588,0.637546468401487,0.8843866171003719,0.6156133828996281,0.9000000000000002,0.324452609
23960.398999999998,0.637546468401487,0.7219330855018588,0.637546468401487,0.8843866171003719,0.6156133828996281,0.9000000000000002,0.255216143
23961.4,0.637546468401487,0.7219330855018588,0.637546468401487,0.8843866171003719,0.6156133828996281,0.9000000000000002,0.619014859
23962.403,0.637546468401487,0.7219330855018588,0.637546468401487,0.8843866171003719,0.6156133828996281,0.9000000000000002,0.76441926
23964.404,0.637546468401487,0.7219330855018588,0.637546468401487,0.8843866171003719,0.6156133828996281,0.9000000000000002,0.647649991
23965.406000000003,0.637546468401487,0.7219330855018588,0.637546468401487,0.8843866171003719,0.6156133828996281,0.9000000000000002,0.660231401
23966.41,0.637546468401487,0.7219330855018588,0.637546468401487,0.8843866171003719,0.6156133828996281,0.9000000000000002,0.585400445
23967.411,0.637546468401487,0.7219330855018588,0.637546468401487,0.8843866171003719,0.6156133828996281,0.9000000000000002,0.936931625
23968.411,0.637546468401487,0.7219330855018588,0.637546468401487,0.8843866171003719,0.6156133828996281,0.9000000000000002,0.505114371
23969.416,0.637546468401487,0.7219330855018588,0.637546468401487,0.8843866171003719,0.6156133828996281,0.9000000000000002,0.153265579
23970.416,0.637546468401487,0.7219330855018588,0.637546468401487,0.8843866171003719,0.6156133828996281,0.9000000000000002,0.110902233
23971.418999999998,0.637546468401487,0.7219330855018588,0.637546468401487,0.8843866171003719,0.6156133828996281,0.9000000000000002,0.892711513
23972.424,0.637546468401487,0.7219330855018588,0.637546468401487,0.8843866171003719,0.6156133828996281,0.9000000000000002,0.537732722
23973.426,0.637546468401487,0.7219330855018588,0.637546468401487,0.8843866171003719,0.6156133828996281,0.9000000000000002,0.7943132509999999
23974.431,0.637546468401487,0.7219330855018588,0.637546468401487,0.8843866171003719,0.6156133828996281,0.9000000000000002,0.605226553
23975.435,0.637546468401487,0.7219330855018588,0.637546468401487,0.8843866171003719,0.6156133828996281,0.9000000000000002,0.535795145
23976.437,0.637546468401487,0.7219330855018588,0.637546468401487,0.8843866171003719,0.6156133828996281,0.9000000000000002,0.23909210399999997
23977.441000000003,0.637546468401487,0.7219330855018588,0.637546468401487,0.8843866171003719,0.6156133828996281,0.9000000000000002,0.051866355999999995
23978.444,0.637546468401487,0.7219330855018588,0.637546468401487,0.8843866171003719,0.6156133828996281,0.9000000000000002,0.890408841
23979.45,0.637546468401487,0.7219330855018588,0.637546468401487,0.8843866171003719,0.6156133828996281,0.9000000000000002,0.9845777029999999
23980.453999999998,0.637546468401487,0.7219330855018588,0.637546468401487,0.8843866171003719,0.6156133828996281,0.9000000000000002,0.09426134900000001
23981.458,0.637546468401487,0.7219330855018588,0.637546468401487,0.8843866171003719,0.6156133828996281,0.9000000000000002,0.972751977
23982.46,0.637546468401487,0.7219330855018588,0.637546468401487,0.8843866171003719,0.6156133828996281,0.9000000000000002,0.37766772200000004
23983.465,0.637546468401487,0.7219330855018588,0.637546468401487,0.8843866171003719,0.6156133828996281,0.9000000000000002,0.77873218
23984.468999999997,0.637546468401487,0.7219330855018588,0.637546468401487,0.8843866171003719,0.6156133828996281,0.9000000000000002,0.338458062
23985.472999999998,0.637546468401487,0.7219330855018588,0.637546468401487,0.8843866171003719,0.6156133828996281,0.9000000000000002,0.46692818
23986.476000000002,0.637546468401487,0.7219330855018588,0.637546468401487,0.8843866171003719,0.6156133828996281,0.9000000000000002,0.9860054859999999
23987.479,0.637546468401487,0.7219330855018588,0.637546468401487,0.8843866171003719,0.6156133828996281,0.9000000000000002,0.386961354
23988.482999999997,0.637546468401487,0.7219330855018588,0.637546468401487,0.8843866171003719,0.6156133828996281,0.9000000000000002,0.05387022599999999
23989.487,0.637546468401487,0.7219330855018588,0.637546468401487,0.8843866171003719,0.6156133828996281,0.9000000000000002,0.7748026490000001
23990.491,0.637546468401487,0.7219330855018588,0.637546468401487,0.8843866171003719,0.6156133828996281,0.9000000000000002,0.484000637
23991.497000000003,0.637546468401487,0.7219330855018588,0.637546468401487,0.8843866171003719,0.6156133828996281,0.9000000000000002,0.5214945670000001
23992.498,0.637546468401487,0.7219330855018588,0.637546468401487,0.8843866171003719,0.6156133828996281,0.9000000000000002,0.240771651
23993.5,0.637546468401487,0.7219330855018588,0.637546468401487,0.8843866171003719,0.6156133828996281,0.9000000000000002,0.427285476
23994.504,0.637546468401487,0.7219330855018588,0.637546468401487,0.8843866171003719,0.6156133828996281,0.9000000000000002,0.96759134
23995.507,0.637546468401487,0.7219330855018588,0.637546468401487,0.8843866171003719,0.6156133828996281,0.9000000000000002,0.86885648
23996.511000000002,0.637546468401487,0.7219330855018588,0.637546468401487,0.8843866171003719,0.6156133828996281,0.9000000000000002,0.253952777
23997.515,0.637546468401487,0.7219330855018588,0.637546468401487,0.8843866171003719,0.6156133828996281,0.9000000000000002,0.771482103
23998.519,0.637546468401487,0.7219330855018588,0.637546468401487,0.8843866171003719,0.6156133828996281,0.9000000000000002,0.769657184
23999.52,0.637546468401487,0.7219330855018588,0.637546468401487,0.8843866171003719,0.6156133828996281,0.9000000000000002,0.562256028
24000.522,0.637546468401487,0.7219330855018588,0.637546468401487,0.8843866171003719,0.6156133828996281,0.9000000000000002,0.656621578
24001.526,0.637546468401487,0.7219330855018588,0.637546468401487,0.8843866171003719,0.6156133828996281,0.9000000000000002,0.053878783
24002.527000000002,0.637546468401487,0.7219330855018588,0.637546468401487,0.8843866171003719,0.6156133828996281,0.9000000000000002,0.08646326800000001
24003.529,0.637546468401487,0.7219330855018588,0.637546468401487,0.8843866171003719,0.6156133828996281,0.9000000000000002,0.09301351199999999
24004.534,0.637546468401487,0.7219330855018588,0.637546468401487,0.8843866171003719,0.6156133828996281,0.9000000000000002,0.111311655
24005.536,0.637546468401487,0.7219330855018588,0.637546468401487,0.8843866171003719,0.6156133828996281,0.9000000000000002,0.128067174
24006.54,0.637546468401487,0.7219330855018588,0.637546468401487,0.8843866171003719,0.6156133828996281,0.9000000000000002,0.001539738
24007.543999999998,0.637546468401487,0.7219330855018588,0.637546468401487,0.8843866171003719,0.6156133828996281,0.9000000000000002,0.386764622
24008.548,0.637546468401487,0.7219330855018588,0.637546468401487,0.8843866171003719,0.6156133828996281,0.9000000000000002,0.400967836
24009.552000000003,0.637546468401487,0.7219330855018588,0.637546468401487,0.8843866171003719,0.6156133828996281,0.9000000000000002,0.08550099900000001
24010.555,0.637546468401487,0.7219330855018588,0.637546468401487,0.8843866171003719,0.6156133828996281,0.9000000000000002,0.38932671399999996
24011.558999999997,0.637546468401487,0.7219330855018588,0.637546468401487,0.8843866171003719,0.6156133828996281,0.9000000000000002,0.454750085
24012.564,0.637546468401487,0.7219330855018588,0.637546468401487,0.8843866171003719,0.6156133828996281,0.9000000000000002,0.053262393
24013.567000000003,0.637546468401487,0.7219330855018588,0.637546468401487,0.8843866171003719,0.6156133828996281,0.9000000000000002,0.495472036
24014.57,0.637546468401487,0.7219330855018588,0.637546468401487,0.8843866171003719,0.6156133828996281,0.9000000000000002,0.38892284299999996
24015.571,0.637546468401487,0.7219330855018588,0.637546468401487,0.8843866171003719,0.6156133828996281,0.9000000000000002,0.371319942
24016.574,0.637546468401487,0.7219330855018588,0.637546468401487,0.8843866171003719,0.6156133828996281,0.9000000000000002,0.327327401
24017.578999999998,0.637546468401487,0.7219330855018588,0.637546468401487,0.8843866171003719,0.6156133828996281,0.9000000000000002,0.484438827
24018.584,0.637546468401487,0.7219330855018588,0.637546468401487,0.8843866171003719,0.6156133828996281,0.9000000000000002,0.752533569
24019.586,0.637546468401487,0.7219330855018588,0.637546468401487,0.8843866171003719,0.6156133828996281,0.9000000000000002,0.325852362
24020.59,0.637546468401487,0.7219330855018588,0.637546468401487,0.8843866171003719,0.6156133828996281,0.9000000000000002,0.514472023
24021.591,0.637546468401487,0.7219330855018588,0.637546468401487,0.8843866171003719,0.6156133828996281,0.9000000000000002,0.585036376
24022.596,0.637546468401487,0.7219330855018588,0.637546468401487,0.8843866171003719,0.6156133828996281,0.9000000000000002,0.393722564
24023.601000000002,0.637546468401487,0.7219330855018588,0.637546468401487,0.8843866171003719,0.6156133828996281,0.9000000000000002,0.150606204
24024.604,0.637546468401487,0.7219330855018588,0.637546468401487,0.8843866171003719,0.6156133828996281,0.9000000000000002,0.603085992
24025.605,0.637546468401487,0.7219330855018588,0.637546468401487,0.8843866171003719,0.6156133828996281,0.9000000000000002,0.141540373
24026.605,0.637546468401487,0.7219330855018588,0.637546468401487,0.8843866171003719,0.6156133828996281,0.9000000000000002,0.887328277
24027.61,0.637546468401487,0.7219330855018588,0.637546468401487,0.8843866171003719,0.6156133828996281,0.9000000000000002,0.035597879
24028.615,0.637546468401487,0.7219330855018588,0.637546468401487,0.8843866171003719,0.6156133828996281,0.9000000000000002,0.362813736
24029.617000000002,0.637546468401487,0.7219330855018588,0.637546468401487,0.8843866171003719,0.6156133828996281,0.9000000000000002,0.071255298
24030.617000000002,0.637546468401487,0.7219330855018588,0.637546468401487,0.8843866171003719,0.6156133828996281,0.9000000000000002,0.505914694
24031.62,0.637546468401487,0.7219330855018588,0.637546468401487,0.8843866171003719,0.6156133828996281,0.9000000000000002,0.107412655
24032.624,0.637546468401487,0.7219330855018588,0.637546468401487,0.8843866171003719,0.6156133828996281,0.9000000000000002,0.81421601
24033.624,0.637546468401487,0.7219330855018588,0.637546468401487,0.8843866171003719,0.6156133828996281,0.9000000000000002,0.950240272
24034.627999999997,0.637546468401487,0.7219330855018588,0.637546468401487,0.8843866171003719,0.6156133828996281,0.9000000000000002,0.616883593
24035.632,0.637546468401487,0.7219330855018588,0.637546468401487,0.8843866171003719,0.6156133828996281,0.9000000000000002,0.170931218
24036.637000000002,0.637546468401487,0.7219330855018588,0.637546468401487,0.8843866171003719,0.6156133828996281,0.9000000000000002,0.867518896
24037.642999999996,0.637546468401487,0.7219330855018588,0.637546468401487,0.8843866171003719,0.6156133828996281,0.9000000000000002,0.7169825609999999
24038.645,0.637546468401487,0.7219330855018588,0.637546468401487,0.8843866171003719,0.6156133828996281,0.9000000000000002,0.909883375
24039.648999999998,0.637546468401487,0.7219330855018588,0.637546468401487,0.8843866171003719,0.6156133828996281,0.9000000000000002,0.191272375
24040.653,0.637546468401487,0.7219330855018588,0.637546468401487,0.8843866171003719,0.6156133828996281,0.9000000000000002,0.637682917
24041.657000000003,0.637546468401487,0.7219330855018588,0.637546468401487,0.8843866171003719,0.6156133828996281,0.9000000000000002,0.7690736770000001
24042.662,0.637546468401487,0.7219330855018588,0.637546468401487,0.8843866171003719,0.6156133828996281,0.9000000000000002,0.975907113
24043.665,0.637546468401487,0.7219330855018588,0.637546468401487,0.8843866171003719,0.6156133828996281,0.9000000000000002,0.027823628
24044.667,0.637546468401487,0.7219330855018588,0.637546468401487,0.8843866171003719,0.6156133828996281,0.9000000000000002,0.572907739
24047.677000000003,0.637546468401487,0.7219330855018588,0.637546468401487,0.8843866171003719,0.6156133828996281,0.9000000000000002,0.523050694
24048.68,0.637546468401487,0.7219330855018588,0.637546468401487,0.8843866171003719,0.6156133828996281,0.9000000000000002,0.069820603
24049.683999999997,0.637546468401487,0.7219330855018588,0.637546468401487,0.8843866171003719,0.6156133828996281,0.9000000000000002,0.04221011
24050.689,0.637546468401487,0.7219330855018588,0.637546468401487,0.8843866171003719,0.6156133828996281,0.9000000000000002,0.933599758
24051.693,0.637546468401487,0.7219330855018588,0.637546468401487,0.8843866171003719,0.6156133828996281,0.9000000000000002,0.295848326
24052.693,0.637546468401487,0.7219330855018588,0.637546468401487,0.8843866171003719,0.6156133828996281,0.9000000000000002,0.690979896
24053.695,0.637546468401487,0.7219330855018588,0.637546468401487,0.8843866171003719,0.6156133828996281,0.9000000000000002,0.6949507859999999
24054.7,0.637546468401487,0.7219330855018588,0.637546468401487,0.8843866171003719,0.6156133828996281,0.9000000000000002,0.6935799290000001
24055.703999999998,0.637546468401487,0.7219330855018588,0.637546468401487,0.8843866171003719,0.6156133828996281,0.9000000000000002,0.492514771
24056.703999999998,0.637546468401487,0.7219330855018588,0.637546468401487,0.8843866171003719,0.6156133828996281,0.9000000000000002,0.448957328
24057.709,0.637546468401487,0.7219330855018588,0.637546468401487,0.8843866171003719,0.6156133828996281,0.9000000000000002,0.097538811
24058.709,0.637546468401487,0.7219330855018588,0.637546468401487,0.8843866171003719,0.6156133828996281,0.9000000000000002,0.7907477559999999
24059.713,0.637546468401487,0.7219330855018588,0.637546468401487,0.8843866171003719,0.6156133828996281,0.9000000000000002,0.308001992
24060.715,0.637546468401487,0.7219330855018588,0.637546468401487,0.8843866171003719,0.6156133828996281,0.9000000000000002,0.87614599
24061.717999999997,0.637546468401487,0.7219330855018588,0.637546468401487,0.8843866171003719,0.6156133828996281,0.9000000000000002,0.87676939
24062.718999999997,0.637546468401487,0.7219330855018588,0.637546468401487,0.8843866171003719,0.6156133828996281,0.9000000000000002,0.64990085
24063.724,0.637546468401487,0.7219330855018588,0.637546468401487,0.8843866171003719,0.6156133828996281,0.9000000000000002,0.305915203
24064.728,0.637546468401487,0.7219330855018588,0.637546468401487,0.8843866171003719,0.6156133828996281,0.9000000000000002,0.760573355
24065.731,0.637546468401487,0.7219330855018588,0.637546468401487,0.8843866171003719,0.6156133828996281,0.9000000000000002,0.39183632
24066.736,0.637546468401487,0.7219330855018588,0.637546468401487,0.8843866171003719,0.6156133828996281,0.9000000000000002,0.551728923
24067.737999999998,0.637546468401487,0.7219330855018588,0.637546468401487,0.8843866171003719,0.6156133828996281,0.9000000000000002,0.43780428200000004
24068.741,0.637546468401487,0.7219330855018588,0.637546468401487,0.8843866171003719,0.6156133828996281,0.9000000000000002,0.49538174
24069.745,0.637546468401487,0.7219330855018588,0.637546468401487,0.8843866171003719,0.6156133828996281,0.9000000000000002,0.537469897
24070.747000000003,0.637546468401487,0.7219330855018588,0.637546468401487,0.8843866171003719,0.6156133828996281,0.9000000000000002,0.93289253
24071.75,0.637546468401487,0.7219330855018588,0.637546468401487,0.8843866171003719,0.6156133828996281,0.9000000000000002,0.190611163
24072.754,0.637546468401487,0.7219330855018588,0.637546468401487,0.8843866171003719,0.6156133828996281,0.9000000000000002,0.963271614
24073.755,0.637546468401487,0.7219330855018588,0.637546468401487,0.8843866171003719,0.6156133828996281,0.9000000000000002,0.22254808899999998
24074.756,0.637546468401487,0.7219330855018588,0.637546468401487,0.8843866171003719,0.6156133828996281,0.9000000000000002,0.822214993
24075.759,0.637546468401487,0.7219330855018588,0.637546468401487,0.8843866171003719,0.6156133828996281,0.9000000000000002,0.475706488
24076.761000000002,0.637546468401487,0.7219330855018588,0.637546468401487,0.8843866171003719,0.6156133828996281,0.9000000000000002,0.7570853909999999
24077.765,0.637546468401487,0.7219330855018588,0.637546468401487,0.8843866171003719,0.6156133828996281,0.9000000000000002,0.663493581
24078.769,0.637546468401487,0.7219330855018588,0.637546468401487,0.8843866171003719,0.6156133828996281,0.9000000000000002,0.6814507940000001
24079.772,0.637546468401487,0.7219330855018588,0.637546468401487,0.8843866171003719,0.6156133828996281,0.9000000000000002,0.713770256
24080.772999999997,0.637546468401487,0.7219330855018588,0.637546468401487,0.8843866171003719,0.6156133828996281,0.9000000000000002,0.323842623
24081.775,0.637546468401487,0.7219330855018588,0.637546468401487,0.8843866171003719,0.6156133828996281,0.9000000000000002,0.675714955
24082.778,0.637546468401487,0.7219330855018588,0.637546468401487,0.8843866171003719,0.6156133828996281,0.9000000000000002,0.033350876
24083.779,0.637546468401487,0.7219330855018588,0.637546468401487,0.8843866171003719,0.6156133828996281,0.9000000000000002,0.066840377
24084.779,0.637546468401487,0.7219330855018588,0.637546468401487,0.8843866171003719,0.6156133828996281,0.9000000000000002,0.311920354
24085.783,0.637546468401487,0.7219330855018588,0.637546468401487,0.8843866171003719,0.6156133828996281,0.9000000000000002,0.34654510200000005
24086.787,0.637546468401487,0.7219330855018588,0.637546468401487,0.8843866171003719,0.6156133828996281,0.9000000000000002,0.780254252
24087.79,0.637546468401487,0.7219330855018588,0.637546468401487,0.8843866171003719,0.6156133828996281,0.9000000000000002,0.922174314
24088.795,0.637546468401487,0.7219330855018588,0.637546468401487,0.8843866171003719,0.6156133828996281,0.9000000000000002,0.999704794
